PromptId,Order,Role,Agent,Phase,Slice,Title,File,RequiresEvidence,RequiresJudge,GateLevel,DependsOn,ExpectedEvidence,ExpectedJudge,RequiredInputs,RequiredOutputs,Status,Note,UpdatedAt,Attempt
M6-P0000,0,PM_ORCHESTRATOR,m6-pm-orchestrator,BOOTSTRAP,BOOTSTRAP,SESSION_SAFETY_LOCK,00-spec/prompts/0000_M6-P0000_SESSION_SAFETY_LOCK.xml.md,true,false,EVIDENCE_GATE,,04-artifacts/evidence/prompts/M6-P0000.json,,00-spec/CLAUDE_CONTEXT_BRIEF.md,04-artifacts/evidence/prompts/M6-P0000.json,TODO,,2026-09-07T22:39:39,0
M6-P0001,1,PM_ORCHESTRATOR,m6-pm-orchestrator,BOOTSTRAP,BOOTSTRAP,PACK_INTEGRITY_CHECK,00-spec/prompts/0001_M6-P0001_PACK_INTEGRITY_CHECK.xml.md,true,false,EVIDENCE_GATE,M6-P0000,04-artifacts/evidence/prompts/M6-P0001.json,,00-spec/CLAUDE_CONTEXT_BRIEF.md,04-artifacts/evidence/prompts/M6-P0001.json,TODO,,2026-09-07T22:39:39,0
M6-P0002,2,PM_ORCHESTRATOR,m6-pm-orchestrator,BOOTSTRAP,BOOTSTRAP,ROOT_DISCOVERY,00-spec/prompts/0002_M6-P0002_ROOT_DISCOVERY.xml.md,true,false,EVIDENCE_GATE,M6-P0001,04-artifacts/evidence/prompts/M6-P0002.json,,00-spec/CLAUDE_CONTEXT_BRIEF.md,04-artifacts/evidence/prompts/M6-P0002.json,TODO,,2026-09-07T22:39:39,0
M6-P0003,3,PM_ORCHESTRATOR,m6-pm-orchestrator,BOOTSTRAP,BOOTSTRAP,NO_CODE_BASELINE,00-spec/prompts/0003_M6-P0003_NO_CODE_BASELINE.xml.md,true,false,EVIDENCE_GATE,M6-P0002,04-artifacts/evidence/prompts/M6-P0003.json,,00-spec/CLAUDE_CONTEXT_BRIEF.md,04-artifacts/evidence/prompts/M6-P0003.json,TODO,,2026-09-07T22:39:39,0
M6-P0004,4,PM_ORCHESTRATOR,m6-pm-orchestrator,BOOTSTRAP,BOOTSTRAP,ROLE_REGISTRY_LOAD,00-spec/prompts/0004_M6-P0004_ROLE_REGISTRY_LOAD.xml.md,true,false,EVIDENCE_GATE,M6-P0003,04-artifacts/evidence/prompts/M6-P0004.json,,00-spec/CLAUDE_CONTEXT_BRIEF.md,04-artifacts/evidence/prompts/M6-P0004.json,TODO,,2026-09-07T22:39:39,0
M6-P0005,5,PM_ORCHESTRATOR,m6-pm-orchestrator,BOOTSTRAP,BOOTSTRAP,RUNNER_STATE_INIT_VERIFY,00-spec/prompts/0005_M6-P0005_RUNNER_STATE_INIT_VERIFY.xml.md,true,false,EVIDENCE_GATE,M6-P0004,04-artifacts/evidence/prompts/M6-P0005.json,,00-spec/CLAUDE_CONTEXT_BRIEF.md,04-artifacts/evidence/prompts/M6-P0005.json,TODO,,2026-09-07T22:39:39,0
M6-P0006,6,PM_ORCHESTRATOR,m6-pm-orchestrator,BOOTSTRAP,BOOTSTRAP,EVIDENCE_DIRS_CHECK,00-spec/prompts/0006_M6-P0006_EVIDENCE_DIRS_CHECK.xml.md,true,false,EVIDENCE_GATE,M6-P0005,04-artifacts/evidence/prompts/M6-P0006.json,,00-spec/CLAUDE_CONTEXT_BRIEF.md,04-artifacts/evidence/prompts/M6-P0006.json,TODO,,2026-09-07T22:39:39,0
M6-P0007,7,PM_ORCHESTRATOR,m6-pm-orchestrator,BOOTSTRAP,BOOTSTRAP,SECRET_SCAN_BASELINE,00-spec/prompts/0007_M6-P0007_SECRET_SCAN_BASELINE.xml.md,true,false,EVIDENCE_GATE,M6-P0006,04-artifacts/evidence/prompts/M6-P0007.json,,00-spec/CLAUDE_CONTEXT_BRIEF.md,04-artifacts/evidence/prompts/M6-P0007.json,TODO,,2026-09-07T22:39:39,0
M6-P0008,8,PM_ORCHESTRATOR,m6-pm-orchestrator,BOOTSTRAP,BOOTSTRAP,SOURCE_INVENTORY,00-spec/prompts/0008_M6-P0008_SOURCE_INVENTORY.xml.md,true,false,EVIDENCE_GATE,M6-P0007,04-artifacts/evidence/prompts/M6-P0008.json,,00-spec/CLAUDE_CONTEXT_BRIEF.md,04-artifacts/evidence/prompts/M6-P0008.json,TODO,,2026-09-07T22:39:39,0
M6-P0009,9,PM_ORCHESTRATOR,m6-pm-orchestrator,BOOTSTRAP,BOOTSTRAP,REGISTER_INIT_REVIEW,00-spec/prompts/0009_M6-P0009_REGISTER_INIT_REVIEW.xml.md,true,false,EVIDENCE_GATE,M6-P0008,04-artifacts/evidence/prompts/M6-P0009.json,,00-spec/CLAUDE_CONTEXT_BRIEF.md,04-artifacts/evidence/prompts/M6-P0009.json,TODO,,2026-09-07T22:39:39,0
M6-P0010,10,PM_ORCHESTRATOR,m6-pm-orchestrator,BOOTSTRAP,BOOTSTRAP,BOOTSTRAP_READINESS,00-spec/prompts/0010_M6-P0010_BOOTSTRAP_READINESS.xml.md,true,false,EVIDENCE_GATE,M6-P0009,04-artifacts/evidence/prompts/M6-P0010.json,,00-spec/CLAUDE_CONTEXT_BRIEF.md,04-artifacts/evidence/prompts/M6-P0010.json,TODO,,2026-09-07T22:39:39,0
M6-P0011,11,JUDGE,m6-judge,BOOTSTRAP,BOOTSTRAP,BOOTSTRAP_GATE_JUDGE,00-spec/prompts/0011_M6-P0011_BOOTSTRAP_GATE_JUDGE.xml.md,true,true,JUDGE_GATE,M6-P0000;M6-P0001;M6-P0002;M6-P0003;M6-P0004;M6-P0005;M6-P0006;M6-P0007;M6-P0008;M6-P0009;M6-P0010,04-artifacts/evidence/prompts/M6-P0011.json,04-artifacts/evidence/judge/M6-P0011_JUDGE_FINAL_SIGN_OFF.json,00-spec/CLAUDE_CONTEXT_BRIEF.md;04-artifacts/evidence/prompts/M6-P0000.json;04-artifacts/evidence/prompts/M6-P0001.json;04-artifacts/evidence/prompts/M6-P0002.json;04-artifacts/evidence/prompts/M6-P0003.json;04-artifacts/evidence/prompts/M6-P0004.json;04-artifacts/evidence/prompts/M6-P0005.json;04-artifacts/evidence/prompts/M6-P0006.json;04-artifacts/evidence/prompts/M6-P0007.json;04-artifacts/evidence/prompts/M6-P0008.json;04-artifacts/evidence/prompts/M6-P0009.json;04-artifacts/evidence/prompts/M6-P0010.json,04-artifacts/evidence/prompts/M6-P0011.json;04-artifacts/evidence/judge/M6-P0011_JUDGE_FINAL_SIGN_OFF.json,TODO,,2026-09-07T22:39:39,0
M6-P0100,12,ANALYST_ARCHITECT,m6-analyst-architect,DOC_LOCK,DOC_LOCK,LOCK_SOT_PRECEDENCE,00-spec/prompts/0012_M6-P0100_LOCK_SOT_PRECEDENCE.xml.md,true,false,EVIDENCE_GATE,M6-P0011,04-artifacts/evidence/prompts/M6-P0100.json,,00-spec/CLAUDE_CONTEXT_BRIEF.md;00-spec/SPEC.md#5;00-spec/M6_FULL_DETAIL_EXTRACT.md,04-artifacts/evidence/prompts/M6-P0100.json,TODO,,2026-09-07T22:39:39,0
M6-P0101,13,ANALYST_ARCHITECT,m6-analyst-architect,DOC_LOCK,DOC_LOCK,LOCK_BOUNDARY,00-spec/prompts/0013_M6-P0101_LOCK_BOUNDARY.xml.md,true,false,EVIDENCE_GATE,M6-P0100,04-artifacts/evidence/prompts/M6-P0101.json,,00-spec/CLAUDE_CONTEXT_BRIEF.md;00-spec/SPEC.md#4;00-spec/M6_FULL_DETAIL_EXTRACT.md,04-artifacts/evidence/prompts/M6-P0101.json,TODO,,2026-09-07T22:39:39,0
M6-P0102,14,ANALYST_ARCHITECT,m6-analyst-architect,DOC_LOCK,DOC_LOCK,LOCK_RULE_REGISTER,00-spec/prompts/0014_M6-P0102_LOCK_RULE_REGISTER.xml.md,true,false,EVIDENCE_GATE,M6-P0101,04-artifacts/evidence/prompts/M6-P0102.json,,00-spec/CLAUDE_CONTEXT_BRIEF.md;00-spec/registers/RULES_LOCKED.md;00-spec/M6_FULL_DETAIL_EXTRACT.md,04-artifacts/evidence/prompts/M6-P0102.json,TODO,,2026-09-07T22:39:39,0
M6-P0103,15,ANALYST_ARCHITECT,m6-analyst-architect,DOC_LOCK,DOC_LOCK,LOCK_FAIL_GATES,00-spec/prompts/0015_M6-P0103_LOCK_FAIL_GATES.xml.md,true,false,EVIDENCE_GATE,M6-P0102,04-artifacts/evidence/prompts/M6-P0103.json,,00-spec/CLAUDE_CONTEXT_BRIEF.md;00-spec/registers/FAIL_GATE_REGISTER.md;00-spec/M6_FULL_DETAIL_EXTRACT.md,04-artifacts/evidence/prompts/M6-P0103.json,TODO,,2026-09-07T22:39:39,0
M6-P0104,16,ANALYST_ARCHITECT,m6-analyst-architect,DOC_LOCK,DOC_LOCK,LOCK_SMOKE_REGISTER,00-spec/prompts/0016_M6-P0104_LOCK_SMOKE_REGISTER.xml.md,true,false,EVIDENCE_GATE,M6-P0103,04-artifacts/evidence/prompts/M6-P0104.json,,00-spec/CLAUDE_CONTEXT_BRIEF.md;00-spec/registers/SMOKE_REGISTER.md;00-spec/M6_FULL_DETAIL_EXTRACT.md,04-artifacts/evidence/prompts/M6-P0104.json,TODO,,2026-09-07T22:39:39,0
M6-P0105,17,ANALYST_ARCHITECT,m6-analyst-architect,DOC_LOCK,DOC_LOCK,LOCK_CONTRACTS,00-spec/prompts/0017_M6-P0105_LOCK_CONTRACTS.xml.md,true,false,EVIDENCE_GATE,M6-P0104,04-artifacts/evidence/prompts/M6-P0105.json,,00-spec/CLAUDE_CONTEXT_BRIEF.md;00-spec/registers/CONTRACT_REGISTER.md;00-spec/M6_FULL_DETAIL_EXTRACT.md,04-artifacts/evidence/prompts/M6-P0105.json,TODO,,2026-09-07T22:39:39,0
M6-P0106,18,ANALYST_ARCHITECT,m6-analyst-architect,DOC_LOCK,DOC_LOCK,LOCK_SCHEMAS,00-spec/prompts/0018_M6-P0106_LOCK_SCHEMAS.xml.md,true,false,EVIDENCE_GATE,M6-P0105,04-artifacts/evidence/prompts/M6-P0106.json,,00-spec/CLAUDE_CONTEXT_BRIEF.md;00-spec/SPEC.md#10;00-spec/M6_FULL_DETAIL_EXTRACT.md,04-artifacts/evidence/prompts/M6-P0106.json,TODO,,2026-09-07T22:39:39,0
M6-P0107,19,ANALYST_ARCHITECT,m6-analyst-architect,DOC_LOCK,DOC_LOCK,LOCK_DECISIONS,00-spec/prompts/0019_M6-P0107_LOCK_DECISIONS.xml.md,true,false,EVIDENCE_GATE,M6-P0106,04-artifacts/evidence/prompts/M6-P0107.json,,00-spec/CLAUDE_CONTEXT_BRIEF.md;00-spec/registers/DECISION_REGISTER.md;00-spec/M6_FULL_DETAIL_EXTRACT.md,04-artifacts/evidence/prompts/M6-P0107.json,TODO,,2026-09-07T22:39:39,0
M6-P0108,20,ANALYST_ARCHITECT,m6-analyst-architect,DOC_LOCK,DOC_LOCK,LOCK_LEXICON,00-spec/prompts/0020_M6-P0108_LOCK_LEXICON.xml.md,true,false,EVIDENCE_GATE,M6-P0107,04-artifacts/evidence/prompts/M6-P0108.json,,00-spec/CLAUDE_CONTEXT_BRIEF.md;00-spec/registers/LEXICON_REGISTER.md;00-spec/M6_FULL_DETAIL_EXTRACT.md,04-artifacts/evidence/prompts/M6-P0108.json,TODO,,2026-09-07T22:39:39,0
M6-P0109,21,ANALYST_ARCHITECT,m6-analyst-architect,DOC_LOCK,DOC_LOCK,LOCK_MONITORING,00-spec/prompts/0021_M6-P0109_LOCK_MONITORING.xml.md,true,false,EVIDENCE_GATE,M6-P0108,04-artifacts/evidence/prompts/M6-P0109.json,,00-spec/CLAUDE_CONTEXT_BRIEF.md;00-spec/registers/MONITORING_REGISTER.md;00-spec/M6_FULL_DETAIL_EXTRACT.md,04-artifacts/evidence/prompts/M6-P0109.json,TODO,,2026-09-07T22:39:39,0
M6-P0110,22,ANALYST_ARCHITECT,m6-analyst-architect,DOC_LOCK,DOC_LOCK,LOCK_ENTRY_EVIDENCE,00-spec/prompts/0022_M6-P0110_LOCK_ENTRY_EVIDENCE.xml.md,true,false,EVIDENCE_GATE,M6-P0109,04-artifacts/evidence/prompts/M6-P0110.json,,00-spec/CLAUDE_CONTEXT_BRIEF.md;00-spec/registers/ENTRY_EVIDENCE_REGISTER.md;00-spec/M6_FULL_DETAIL_EXTRACT.md,04-artifacts/evidence/prompts/M6-P0110.json,TODO,,2026-09-07T22:39:39,0
M6-P0111,23,ANALYST_ARCHITECT,m6-analyst-architect,DOC_LOCK,DOC_LOCK,LOCK_SLICES,00-spec/prompts/0023_M6-P0111_LOCK_SLICES.xml.md,true,false,EVIDENCE_GATE,M6-P0110,04-artifacts/evidence/prompts/M6-P0111.json,,00-spec/CLAUDE_CONTEXT_BRIEF.md;00-spec/slices/slice_definitions.json;00-spec/M6_FULL_DETAIL_EXTRACT.md,04-artifacts/evidence/prompts/M6-P0111.json,TODO,,2026-09-07T22:39:39,0
M6-P0112,24,ANALYST_ARCHITECT,m6-analyst-architect,DOC_LOCK,DOC_LOCK,DOC_LOCK_CONSOLIDATION,00-spec/prompts/0024_M6-P0112_DOC_LOCK_CONSOLIDATION.xml.md,true,false,EVIDENCE_GATE,M6-P0111,04-artifacts/evidence/prompts/M6-P0112.json,,00-spec/CLAUDE_CONTEXT_BRIEF.md;00-spec/registers/SCHEMA_CHANGELOG.md;00-spec/M6_FULL_DETAIL_EXTRACT.md,04-artifacts/evidence/prompts/M6-P0112.json,TODO,,2026-09-07T22:39:39,0
M6-P0113,25,JUDGE,m6-judge,DOC_LOCK,DOC_LOCK,DOC_LOCK_GATE_JUDGE,00-spec/prompts/0025_M6-P0113_DOC_LOCK_GATE_JUDGE.xml.md,true,true,JUDGE_GATE,M6-P0100;M6-P0101;M6-P0102;M6-P0103;M6-P0104;M6-P0105;M6-P0106;M6-P0107;M6-P0108;M6-P0109;M6-P0110;M6-P0111;M6-P0112,04-artifacts/evidence/prompts/M6-P0113.json,04-artifacts/evidence/judge/M6-P0113_JUDGE_FINAL_SIGN_OFF.json,00-spec/CLAUDE_CONTEXT_BRIEF.md;04-artifacts/evidence/prompts/M6-P0100.json;04-artifacts/evidence/prompts/M6-P0101.json;04-artifacts/evidence/prompts/M6-P0102.json;04-artifacts/evidence/prompts/M6-P0103.json;04-artifacts/evidence/prompts/M6-P0104.json;04-artifacts/evidence/prompts/M6-P0105.json;04-artifacts/evidence/prompts/M6-P0106.json;04-artifacts/evidence/prompts/M6-P0107.json;04-artifacts/evidence/prompts/M6-P0108.json;04-artifacts/evidence/prompts/M6-P0109.json;04-artifacts/evidence/prompts/M6-P0110.json;04-artifacts/evidence/prompts/M6-P0111.json;04-artifacts/evidence/prompts/M6-P0112.json,04-artifacts/evidence/prompts/M6-P0113.json;04-artifacts/evidence/judge/M6-P0113_JUDGE_FINAL_SIGN_OFF.json,TODO,,2026-09-07T22:39:39,0
M6-P0200,26,ANALYST_ARCHITECT,m6-analyst-architect,PHASE0_RESEARCH,PHASE0,RESEARCH_REPO_AUDIT_PLAN,00-spec/prompts/0026_M6-P0200_RESEARCH_REPO_AUDIT_PLAN.xml.md,true,false,EVIDENCE_GATE,M6-P0113,04-artifacts/evidence/prompts/M6-P0200.json,,00-spec/CLAUDE_CONTEXT_BRIEF.md;00-spec/SPEC.md;00-spec/registers/CONTRACT_REGISTER.md,04-artifacts/evidence/prompts/M6-P0200.json;04-artifacts/analysis/research/RESEARCH_REPO_AUDIT_PLAN.md,TODO,,2026-09-07T22:39:39,0
M6-PC0200,27,BOUNDARY_ADVERSARY,m6-boundary-adversary,RESEARCH_CRITIC,PHASE0,RESEARCH_REPO_AUDIT_PLAN_CRITIC,00-spec/prompts/0027_M6-PC0200_RESEARCH_REPO_AUDIT_PLAN_CRITIC.xml.md,true,false,EVIDENCE_GATE,M6-P0200,04-artifacts/evidence/prompts/M6-PC0200.json,,00-spec/CLAUDE_CONTEXT_BRIEF.md;04-artifacts/analysis/research/RESEARCH_REPO_AUDIT_PLAN.md;04-artifacts/evidence/prompts/M6-P0200.json,04-artifacts/evidence/prompts/M6-PC0200.json;04-artifacts/boundary-reports/RESEARCH_REPO_AUDIT_PLAN_critique.md,TODO,,2026-09-07T22:39:39,0
M6-P0201,28,ANALYST_ARCHITECT,m6-analyst-architect,PHASE0_RESEARCH,PHASE0,RESEARCH_EVENT_REGISTRY_INTEGRATION,00-spec/prompts/0028_M6-P0201_RESEARCH_EVENT_REGISTRY_INTEGRATION.xml.md,true,false,EVIDENCE_GATE,M6-PC0200,04-artifacts/evidence/prompts/M6-P0201.json,,00-spec/CLAUDE_CONTEXT_BRIEF.md;00-spec/SPEC.md;00-spec/registers/CONTRACT_REGISTER.md,04-artifacts/evidence/prompts/M6-P0201.json;04-artifacts/analysis/research/RESEARCH_EVENT_REGISTRY_INTEGRATION.md,TODO,,2026-09-07T22:39:39,0
M6-PC0201,29,BOUNDARY_ADVERSARY,m6-boundary-adversary,RESEARCH_CRITIC,PHASE0,RESEARCH_EVENT_REGISTRY_INTEGRATION_CRITIC,00-spec/prompts/0029_M6-PC0201_RESEARCH_EVENT_REGISTRY_INTEGRATION_CRITIC.xml.md,true,false,EVIDENCE_GATE,M6-P0201,04-artifacts/evidence/prompts/M6-PC0201.json,,00-spec/CLAUDE_CONTEXT_BRIEF.md;04-artifacts/analysis/research/RESEARCH_EVENT_REGISTRY_INTEGRATION.md;04-artifacts/evidence/prompts/M6-P0201.json,04-artifacts/evidence/prompts/M6-PC0201.json;04-artifacts/boundary-reports/RESEARCH_EVENT_REGISTRY_INTEGRATION_critique.md,TODO,,2026-09-07T22:39:39,0
M6-P0202,30,ANALYST_ARCHITECT,m6-analyst-architect,PHASE0_RESEARCH,PHASE0,RESEARCH_IDENTITY_CONSENT,00-spec/prompts/0030_M6-P0202_RESEARCH_IDENTITY_CONSENT.xml.md,true,false,EVIDENCE_GATE,M6-PC0201,04-artifacts/evidence/prompts/M6-P0202.json,,00-spec/CLAUDE_CONTEXT_BRIEF.md;00-spec/SPEC.md;00-spec/registers/CONTRACT_REGISTER.md,04-artifacts/evidence/prompts/M6-P0202.json;04-artifacts/analysis/research/RESEARCH_IDENTITY_CONSENT.md,TODO,,2026-09-07T22:39:39,0
M6-PC0202,31,BOUNDARY_ADVERSARY,m6-boundary-adversary,RESEARCH_CRITIC,PHASE0,RESEARCH_IDENTITY_CONSENT_CRITIC,00-spec/prompts/0031_M6-PC0202_RESEARCH_IDENTITY_CONSENT_CRITIC.xml.md,true,false,EVIDENCE_GATE,M6-P0202,04-artifacts/evidence/prompts/M6-PC0202.json,,00-spec/CLAUDE_CONTEXT_BRIEF.md;04-artifacts/analysis/research/RESEARCH_IDENTITY_CONSENT.md;04-artifacts/evidence/prompts/M6-P0202.json,04-artifacts/evidence/prompts/M6-PC0202.json;04-artifacts/boundary-reports/RESEARCH_IDENTITY_CONSENT_critique.md,TODO,,2026-09-07T22:39:39,0
M6-P0203,32,ANALYST_ARCHITECT,m6-analyst-architect,PHASE0_RESEARCH,PHASE0,RESEARCH_OUTBOX_WORKER_PATTERNS,00-spec/prompts/0032_M6-P0203_RESEARCH_OUTBOX_WORKER_PATTERNS.xml.md,true,false,EVIDENCE_GATE,M6-PC0202,04-artifacts/evidence/prompts/M6-P0203.json,,00-spec/CLAUDE_CONTEXT_BRIEF.md;00-spec/SPEC.md;00-spec/registers/CONTRACT_REGISTER.md,04-artifacts/evidence/prompts/M6-P0203.json;04-artifacts/analysis/research/RESEARCH_OUTBOX_WORKER_PATTERNS.md,TODO,,2026-09-07T22:39:39,0
M6-PC0203,33,BOUNDARY_ADVERSARY,m6-boundary-adversary,RESEARCH_CRITIC,PHASE0,RESEARCH_OUTBOX_WORKER_PATTERNS_CRITIC,00-spec/prompts/0033_M6-PC0203_RESEARCH_OUTBOX_WORKER_PATTERNS_CRITIC.xml.md,true,false,EVIDENCE_GATE,M6-P0203,04-artifacts/evidence/prompts/M6-PC0203.json,,00-spec/CLAUDE_CONTEXT_BRIEF.md;04-artifacts/analysis/research/RESEARCH_OUTBOX_WORKER_PATTERNS.md;04-artifacts/evidence/prompts/M6-P0203.json,04-artifacts/evidence/prompts/M6-PC0203.json;04-artifacts/boundary-reports/RESEARCH_OUTBOX_WORKER_PATTERNS_critique.md,TODO,,2026-09-07T22:39:39,0
M6-P0204,34,ANALYST_ARCHITECT,m6-analyst-architect,PHASE0_RESEARCH,PHASE0,RESEARCH_META_PIXEL_CAPI_DEDUP,00-spec/prompts/0034_M6-P0204_RESEARCH_META_PIXEL_CAPI_DEDUP.xml.md,true,false,EVIDENCE_GATE,M6-PC0203,04-artifacts/evidence/prompts/M6-P0204.json,,00-spec/CLAUDE_CONTEXT_BRIEF.md;00-spec/SPEC.md;00-spec/registers/CONTRACT_REGISTER.md,04-artifacts/evidence/prompts/M6-P0204.json;04-artifacts/analysis/research/RESEARCH_META_PIXEL_CAPI_DEDUP.md,TODO,,2026-09-07T22:39:39,0
M6-PC0204,35,BOUNDARY_ADVERSARY,m6-boundary-adversary,RESEARCH_CRITIC,PHASE0,RESEARCH_META_PIXEL_CAPI_DEDUP_CRITIC,00-spec/prompts/0035_M6-PC0204_RESEARCH_META_PIXEL_CAPI_DEDUP_CRITIC.xml.md,true,false,EVIDENCE_GATE,M6-P0204,04-artifacts/evidence/prompts/M6-PC0204.json,,00-spec/CLAUDE_CONTEXT_BRIEF.md;04-artifacts/analysis/research/RESEARCH_META_PIXEL_CAPI_DEDUP.md;04-artifacts/evidence/prompts/M6-P0204.json,04-artifacts/evidence/prompts/M6-PC0204.json;04-artifacts/boundary-reports/RESEARCH_META_PIXEL_CAPI_DEDUP_critique.md,TODO,,2026-09-07T22:39:39,0
M6-P0205,36,ANALYST_ARCHITECT,m6-analyst-architect,PHASE0_RESEARCH,PHASE0,RESEARCH_OFFLINE_CONVERSIONS,00-spec/prompts/0036_M6-P0205_RESEARCH_OFFLINE_CONVERSIONS.xml.md,true,false,EVIDENCE_GATE,M6-PC0204,04-artifacts/evidence/prompts/M6-P0205.json,,00-spec/CLAUDE_CONTEXT_BRIEF.md;00-spec/SPEC.md;00-spec/registers/CONTRACT_REGISTER.md,04-artifacts/evidence/prompts/M6-P0205.json;04-artifacts/analysis/research/RESEARCH_OFFLINE_CONVERSIONS.md,TODO,,2026-09-07T22:39:39,0
M6-PC0205,37,BOUNDARY_ADVERSARY,m6-boundary-adversary,RESEARCH_CRITIC,PHASE0,RESEARCH_OFFLINE_CONVERSIONS_CRITIC,00-spec/prompts/0037_M6-PC0205_RESEARCH_OFFLINE_CONVERSIONS_CRITIC.xml.md,true,false,EVIDENCE_GATE,M6-P0205,04-artifacts/evidence/prompts/M6-PC0205.json,,00-spec/CLAUDE_CONTEXT_BRIEF.md;04-artifacts/analysis/research/RESEARCH_OFFLINE_CONVERSIONS.md;04-artifacts/evidence/prompts/M6-P0205.json,04-artifacts/evidence/prompts/M6-PC0205.json;04-artifacts/boundary-reports/RESEARCH_OFFLINE_CONVERSIONS_critique.md,TODO,,2026-09-07T22:39:39,0
M6-P0206,38,ANALYST_ARCHITECT,m6-analyst-architect,PHASE0_RESEARCH,PHASE0,RESEARCH_ATTRIBUTION_MODELS,00-spec/prompts/0038_M6-P0206_RESEARCH_ATTRIBUTION_MODELS.xml.md,true,false,EVIDENCE_GATE,M6-PC0205,04-artifacts/evidence/prompts/M6-P0206.json,,00-spec/CLAUDE_CONTEXT_BRIEF.md;00-spec/SPEC.md;00-spec/registers/CONTRACT_REGISTER.md,04-artifacts/evidence/prompts/M6-P0206.json;04-artifacts/analysis/research/RESEARCH_ATTRIBUTION_MODELS.md,TODO,,2026-09-07T22:39:39,0
M6-PC0206,39,BOUNDARY_ADVERSARY,m6-boundary-adversary,RESEARCH_CRITIC,PHASE0,RESEARCH_ATTRIBUTION_MODELS_CRITIC,00-spec/prompts/0039_M6-PC0206_RESEARCH_ATTRIBUTION_MODELS_CRITIC.xml.md,true,false,EVIDENCE_GATE,M6-P0206,04-artifacts/evidence/prompts/M6-PC0206.json,,00-spec/CLAUDE_CONTEXT_BRIEF.md;04-artifacts/analysis/research/RESEARCH_ATTRIBUTION_MODELS.md;04-artifacts/evidence/prompts/M6-P0206.json,04-artifacts/evidence/prompts/M6-PC0206.json;04-artifacts/boundary-reports/RESEARCH_ATTRIBUTION_MODELS_critique.md,TODO,,2026-09-07T22:39:39,0
M6-P0207,40,ANALYST_ARCHITECT,m6-analyst-architect,PHASE0_RESEARCH,PHASE0,RESEARCH_DASHBOARD_DATA_QUALITY,00-spec/prompts/0040_M6-P0207_RESEARCH_DASHBOARD_DATA_QUALITY.xml.md,true,false,EVIDENCE_GATE,M6-PC0206,04-artifacts/evidence/prompts/M6-P0207.json,,00-spec/CLAUDE_CONTEXT_BRIEF.md;00-spec/SPEC.md;00-spec/registers/CONTRACT_REGISTER.md,04-artifacts/evidence/prompts/M6-P0207.json;04-artifacts/analysis/research/RESEARCH_DASHBOARD_DATA_QUALITY.md,TODO,,2026-09-07T22:39:39,0
M6-PC0207,41,BOUNDARY_ADVERSARY,m6-boundary-adversary,RESEARCH_CRITIC,PHASE0,RESEARCH_DASHBOARD_DATA_QUALITY_CRITIC,00-spec/prompts/0041_M6-PC0207_RESEARCH_DASHBOARD_DATA_QUALITY_CRITIC.xml.md,true,false,EVIDENCE_GATE,M6-P0207,04-artifacts/evidence/prompts/M6-PC0207.json,,00-spec/CLAUDE_CONTEXT_BRIEF.md;04-artifacts/analysis/research/RESEARCH_DASHBOARD_DATA_QUALITY.md;04-artifacts/evidence/prompts/M6-P0207.json,04-artifacts/evidence/prompts/M6-PC0207.json;04-artifacts/boundary-reports/RESEARCH_DASHBOARD_DATA_QUALITY_critique.md,TODO,,2026-09-07T22:39:39,0
M6-P0208,42,ANALYST_ARCHITECT,m6-analyst-architect,PHASE0_RESEARCH,PHASE0,RESEARCH_SCALE_GATE_WORKFLOW,00-spec/prompts/0042_M6-P0208_RESEARCH_SCALE_GATE_WORKFLOW.xml.md,true,false,EVIDENCE_GATE,M6-PC0207,04-artifacts/evidence/prompts/M6-P0208.json,,00-spec/CLAUDE_CONTEXT_BRIEF.md;00-spec/SPEC.md;00-spec/registers/CONTRACT_REGISTER.md,04-artifacts/evidence/prompts/M6-P0208.json;04-artifacts/analysis/research/RESEARCH_SCALE_GATE_WORKFLOW.md,TODO,,2026-09-07T22:39:39,0
M6-PC0208,43,BOUNDARY_ADVERSARY,m6-boundary-adversary,RESEARCH_CRITIC,PHASE0,RESEARCH_SCALE_GATE_WORKFLOW_CRITIC,00-spec/prompts/0043_M6-PC0208_RESEARCH_SCALE_GATE_WORKFLOW_CRITIC.xml.md,true,false,EVIDENCE_GATE,M6-P0208,04-artifacts/evidence/prompts/M6-PC0208.json,,00-spec/CLAUDE_CONTEXT_BRIEF.md;04-artifacts/analysis/research/RESEARCH_SCALE_GATE_WORKFLOW.md;04-artifacts/evidence/prompts/M6-P0208.json,04-artifacts/evidence/prompts/M6-PC0208.json;04-artifacts/boundary-reports/RESEARCH_SCALE_GATE_WORKFLOW_critique.md,TODO,,2026-09-07T22:39:39,0
M6-P0209,44,ANALYST_ARCHITECT,m6-analyst-architect,PHASE0_RESEARCH,PHASE0,RESEARCH_LEARNING_ENGINE_GUARDRAILS,00-spec/prompts/0044_M6-P0209_RESEARCH_LEARNING_ENGINE_GUARDRAILS.xml.md,true,false,EVIDENCE_GATE,M6-PC0208,04-artifacts/evidence/prompts/M6-P0209.json,,00-spec/CLAUDE_CONTEXT_BRIEF.md;00-spec/SPEC.md;00-spec/registers/CONTRACT_REGISTER.md,04-artifacts/evidence/prompts/M6-P0209.json;04-artifacts/analysis/research/RESEARCH_LEARNING_ENGINE_GUARDRAILS.md,TODO,,2026-09-07T22:39:39,0
M6-PC0209,45,BOUNDARY_ADVERSARY,m6-boundary-adversary,RESEARCH_CRITIC,PHASE0,RESEARCH_LEARNING_ENGINE_GUARDRAILS_CRITIC,00-spec/prompts/0045_M6-PC0209_RESEARCH_LEARNING_ENGINE_GUARDRAILS_CRITIC.xml.md,true,false,EVIDENCE_GATE,M6-P0209,04-artifacts/evidence/prompts/M6-PC0209.json,,00-spec/CLAUDE_CONTEXT_BRIEF.md;04-artifacts/analysis/research/RESEARCH_LEARNING_ENGINE_GUARDRAILS.md;04-artifacts/evidence/prompts/M6-P0209.json,04-artifacts/evidence/prompts/M6-PC0209.json;04-artifacts/boundary-reports/RESEARCH_LEARNING_ENGINE_GUARDRAILS_critique.md,TODO,,2026-09-07T22:39:39,0
M6-P0210,46,ANALYST_ARCHITECT,m6-analyst-architect,PHASE0_RESEARCH,PHASE0,RESEARCH_CROSS_MODULE_CONTRACTS,00-spec/prompts/0046_M6-P0210_RESEARCH_CROSS_MODULE_CONTRACTS.xml.md,true,false,EVIDENCE_GATE,M6-PC0209,04-artifacts/evidence/prompts/M6-P0210.json,,00-spec/CLAUDE_CONTEXT_BRIEF.md;00-spec/SPEC.md;00-spec/registers/CONTRACT_REGISTER.md,04-artifacts/evidence/prompts/M6-P0210.json;04-artifacts/analysis/research/RESEARCH_CROSS_MODULE_CONTRACTS.md,TODO,,2026-09-07T22:39:39,0
M6-PC0210,47,BOUNDARY_ADVERSARY,m6-boundary-adversary,RESEARCH_CRITIC,PHASE0,RESEARCH_CROSS_MODULE_CONTRACTS_CRITIC,00-spec/prompts/0047_M6-PC0210_RESEARCH_CROSS_MODULE_CONTRACTS_CRITIC.xml.md,true,false,EVIDENCE_GATE,M6-P0210,04-artifacts/evidence/prompts/M6-PC0210.json,,00-spec/CLAUDE_CONTEXT_BRIEF.md;04-artifacts/analysis/research/RESEARCH_CROSS_MODULE_CONTRACTS.md;04-artifacts/evidence/prompts/M6-P0210.json,04-artifacts/evidence/prompts/M6-PC0210.json;04-artifacts/boundary-reports/RESEARCH_CROSS_MODULE_CONTRACTS_critique.md,TODO,,2026-09-07T22:39:39,0
M6-P0211,48,ANALYST_ARCHITECT,m6-analyst-architect,PHASE0_RESEARCH,PHASE0,RESEARCH_STRATEGY_LIBRARIES,00-spec/prompts/0048_M6-P0211_RESEARCH_STRATEGY_LIBRARIES.xml.md,true,false,EVIDENCE_GATE,M6-PC0210,04-artifacts/evidence/prompts/M6-P0211.json,,00-spec/CLAUDE_CONTEXT_BRIEF.md;00-spec/SPEC.md;00-spec/registers/CONTRACT_REGISTER.md,04-artifacts/evidence/prompts/M6-P0211.json;04-artifacts/analysis/research/RESEARCH_STRATEGY_LIBRARIES.md,TODO,,2026-09-07T22:39:39,0
M6-PC0211,49,BOUNDARY_ADVERSARY,m6-boundary-adversary,RESEARCH_CRITIC,PHASE0,RESEARCH_STRATEGY_LIBRARIES_CRITIC,00-spec/prompts/0049_M6-PC0211_RESEARCH_STRATEGY_LIBRARIES_CRITIC.xml.md,true,false,EVIDENCE_GATE,M6-P0211,04-artifacts/evidence/prompts/M6-PC0211.json,,00-spec/CLAUDE_CONTEXT_BRIEF.md;04-artifacts/analysis/research/RESEARCH_STRATEGY_LIBRARIES.md;04-artifacts/evidence/prompts/M6-P0211.json,04-artifacts/evidence/prompts/M6-PC0211.json;04-artifacts/boundary-reports/RESEARCH_STRATEGY_LIBRARIES_critique.md,TODO,,2026-09-07T22:39:39,0
M6-P0300,50,ANALYST_ARCHITECT,m6-analyst-architect,PHASE0,PHASE0,ARCH_BASELINE,00-spec/prompts/0050_M6-P0300_ARCH_BASELINE.xml.md,true,false,EVIDENCE_GATE,M6-PC0211,04-artifacts/evidence/prompts/M6-P0300.json,,00-spec/CLAUDE_CONTEXT_BRIEF.md;00-spec/SPEC.md,04-artifacts/evidence/prompts/M6-P0300.json;04-artifacts/analysis/design/ARCH_BASELINE.md,TODO,,2026-09-07T22:39:39,0
M6-P0301,51,ANALYST_ARCHITECT,m6-analyst-architect,PHASE0,PHASE0,DATA_MODEL_BASELINE,00-spec/prompts/0051_M6-P0301_DATA_MODEL_BASELINE.xml.md,true,false,EVIDENCE_GATE,M6-P0300,04-artifacts/evidence/prompts/M6-P0301.json,,00-spec/CLAUDE_CONTEXT_BRIEF.md;00-spec/SPEC.md,04-artifacts/evidence/prompts/M6-P0301.json;04-artifacts/analysis/design/DATA_MODEL_BASELINE.md,TODO,,2026-09-07T22:39:39,0
M6-P0302,52,ANALYST_ARCHITECT,m6-analyst-architect,PHASE0,PHASE0,EVENT_FLOW_DESIGN,00-spec/prompts/0052_M6-P0302_EVENT_FLOW_DESIGN.xml.md,true,false,EVIDENCE_GATE,M6-P0301,04-artifacts/evidence/prompts/M6-P0302.json,,00-spec/CLAUDE_CONTEXT_BRIEF.md;00-spec/SPEC.md,04-artifacts/evidence/prompts/M6-P0302.json;04-artifacts/analysis/design/EVENT_FLOW_DESIGN.md,TODO,,2026-09-07T22:39:39,0
M6-P0303,53,ANALYST_ARCHITECT,m6-analyst-architect,PHASE0,PHASE0,ATTRIBUTION_DESIGN,00-spec/prompts/0053_M6-P0303_ATTRIBUTION_DESIGN.xml.md,true,false,EVIDENCE_GATE,M6-P0302,04-artifacts/evidence/prompts/M6-P0303.json,,00-spec/CLAUDE_CONTEXT_BRIEF.md;00-spec/SPEC.md,04-artifacts/evidence/prompts/M6-P0303.json;04-artifacts/analysis/design/ATTRIBUTION_DESIGN.md,TODO,,2026-09-07T22:39:39,0
M6-P0304,54,ANALYST_ARCHITECT,m6-analyst-architect,PHASE0,PHASE0,DASHBOARD_DESIGN,00-spec/prompts/0054_M6-P0304_DASHBOARD_DESIGN.xml.md,true,false,EVIDENCE_GATE,M6-P0303,04-artifacts/evidence/prompts/M6-P0304.json,,00-spec/CLAUDE_CONTEXT_BRIEF.md;00-spec/SPEC.md,04-artifacts/evidence/prompts/M6-P0304.json;04-artifacts/analysis/design/DASHBOARD_DESIGN.md,TODO,,2026-09-07T22:39:39,0
M6-P0305,55,ANALYST_ARCHITECT,m6-analyst-architect,PHASE0,PHASE0,SCALE_LEARNING_DESIGN,00-spec/prompts/0055_M6-P0305_SCALE_LEARNING_DESIGN.xml.md,true,false,EVIDENCE_GATE,M6-P0304,04-artifacts/evidence/prompts/M6-P0305.json,,00-spec/CLAUDE_CONTEXT_BRIEF.md;00-spec/SPEC.md,04-artifacts/evidence/prompts/M6-P0305.json;04-artifacts/analysis/design/SCALE_LEARNING_DESIGN.md,TODO,,2026-09-07T22:39:39,0
M6-P0306,56,ANALYST_ARCHITECT,m6-analyst-architect,PHASE0,PHASE0,TEST_STRATEGY,00-spec/prompts/0056_M6-P0306_TEST_STRATEGY.xml.md,true,false,EVIDENCE_GATE,M6-P0305,04-artifacts/evidence/prompts/M6-P0306.json,,00-spec/CLAUDE_CONTEXT_BRIEF.md;00-spec/SPEC.md,04-artifacts/evidence/prompts/M6-P0306.json;04-artifacts/analysis/design/TEST_STRATEGY.md,TODO,,2026-09-07T22:39:39,0
M6-P0307,57,ANALYST_ARCHITECT,m6-analyst-architect,PHASE0,PHASE0,SECURITY_PRIVACY_DESIGN,00-spec/prompts/0057_M6-P0307_SECURITY_PRIVACY_DESIGN.xml.md,true,false,EVIDENCE_GATE,M6-P0306,04-artifacts/evidence/prompts/M6-P0307.json,,00-spec/CLAUDE_CONTEXT_BRIEF.md;00-spec/SPEC.md,04-artifacts/evidence/prompts/M6-P0307.json;04-artifacts/analysis/design/SECURITY_PRIVACY_DESIGN.md,TODO,,2026-09-07T22:39:39,0
M6-P0308,58,ANALYST_ARCHITECT,m6-analyst-architect,PHASE0,PHASE0,PHASE0_CONSOLIDATION,00-spec/prompts/0058_M6-P0308_PHASE0_CONSOLIDATION.xml.md,true,false,EVIDENCE_GATE,M6-P0307,04-artifacts/evidence/prompts/M6-P0308.json,,00-spec/CLAUDE_CONTEXT_BRIEF.md;00-spec/SPEC.md,04-artifacts/evidence/prompts/M6-P0308.json;04-artifacts/analysis/design/PHASE0_CONSOLIDATION.md,TODO,,2026-09-07T22:39:39,0
M6-P0309,59,JUDGE,m6-judge,PHASE0,PHASE0,PHASE0_GATE_JUDGE,00-spec/prompts/0059_M6-P0309_PHASE0_GATE_JUDGE.xml.md,true,true,JUDGE_GATE,M6-P0300;M6-P0301;M6-P0302;M6-P0303;M6-P0304;M6-P0305;M6-P0306;M6-P0307;M6-P0308,04-artifacts/evidence/prompts/M6-P0309.json,04-artifacts/evidence/judge/M6-P0309_JUDGE_FINAL_SIGN_OFF.json,00-spec/CLAUDE_CONTEXT_BRIEF.md;04-artifacts/evidence/prompts/M6-P0200.json;04-artifacts/evidence/prompts/M6-PC0200.json;04-artifacts/boundary-reports/RESEARCH_REPO_AUDIT_PLAN_critique.md;04-artifacts/evidence/prompts/M6-P0201.json;04-artifacts/evidence/prompts/M6-PC0201.json;04-artifacts/boundary-reports/RESEARCH_EVENT_REGISTRY_INTEGRATION_critique.md;04-artifacts/evidence/prompts/M6-P0202.json;04-artifacts/evidence/prompts/M6-PC0202.json;04-artifacts/boundary-reports/RESEARCH_IDENTITY_CONSENT_critique.md;04-artifacts/evidence/prompts/M6-P0203.json;04-artifacts/evidence/prompts/M6-PC0203.json;04-artifacts/boundary-reports/RESEARCH_OUTBOX_WORKER_PATTERNS_critique.md;04-artifacts/evidence/prompts/M6-P0204.json;04-artifacts/evidence/prompts/M6-PC0204.json;04-artifacts/boundary-reports/RESEARCH_META_PIXEL_CAPI_DEDUP_critique.md;04-artifacts/evidence/prompts/M6-P0205.json;04-artifacts/evidence/prompts/M6-PC0205.json;04-artifacts/boundary-reports/RESEARCH_OFFLINE_CONVERSIONS_critique.md;04-artifacts/evidence/prompts/M6-P0206.json;04-artifacts/evidence/prompts/M6-PC0206.json;04-artifacts/boundary-reports/RESEARCH_ATTRIBUTION_MODELS_critique.md;04-artifacts/evidence/prompts/M6-P0207.json;04-artifacts/evidence/prompts/M6-PC0207.json;04-artifacts/boundary-reports/RESEARCH_DASHBOARD_DATA_QUALITY_critique.md;04-artifacts/evidence/prompts/M6-P0208.json;04-artifacts/evidence/prompts/M6-PC0208.json;04-artifacts/boundary-reports/RESEARCH_SCALE_GATE_WORKFLOW_critique.md;04-artifacts/evidence/prompts/M6-P0209.json;04-artifacts/evidence/prompts/M6-PC0209.json;04-artifacts/boundary-reports/RESEARCH_LEARNING_ENGINE_GUARDRAILS_critique.md;04-artifacts/evidence/prompts/M6-P0210.json;04-artifacts/evidence/prompts/M6-PC0210.json;04-artifacts/boundary-reports/RESEARCH_CROSS_MODULE_CONTRACTS_critique.md;04-artifacts/evidence/prompts/M6-P0211.json;04-artifacts/evidence/prompts/M6-PC0211.json;04-artifacts/boundary-reports/RESEARCH_STRATEGY_LIBRARIES_critique.md;04-artifacts/evidence/prompts/M6-P0300.json;04-artifacts/evidence/prompts/M6-P0301.json;04-artifacts/evidence/prompts/M6-P0302.json;04-artifacts/evidence/prompts/M6-P0303.json;04-artifacts/evidence/prompts/M6-P0304.json;04-artifacts/evidence/prompts/M6-P0305.json;04-artifacts/evidence/prompts/M6-P0306.json;04-artifacts/evidence/prompts/M6-P0307.json;04-artifacts/evidence/prompts/M6-P0308.json,04-artifacts/evidence/prompts/M6-P0309.json;04-artifacts/evidence/judge/M6-P0309_JUDGE_FINAL_SIGN_OFF.json,TODO,,2026-09-07T22:39:39,0
M6-P0700,60,ANALYST_ARCHITECT,m6-analyst-architect,CONTRACT_HARMONIZATION,HARMONIZATION,HARMONIZATION_PLAN,00-spec/prompts/0060_M6-P0700_HARMONIZATION_PLAN.xml.md,true,false,EVIDENCE_GATE,M6-P0309,04-artifacts/evidence/prompts/M6-P0700.json,,00-spec/CLAUDE_CONTEXT_BRIEF.md;00-spec/registers/CONTRACT_REGISTER.md;00-spec/M6_FULL_DETAIL_EXTRACT.md,04-artifacts/evidence/prompts/M6-P0700.json;04-artifacts/analysis/contracts/HARMONIZATION_PLAN.md,TODO,,2026-09-07T22:39:39,0
M6-P0701,61,ANALYST_ARCHITECT,m6-analyst-architect,CONTRACT_HARMONIZATION,HARMONIZATION,CONTRACT_EVENT_REGISTRY,00-spec/prompts/0061_M6-P0701_CONTRACT_EVENT_REGISTRY.xml.md,true,false,EVIDENCE_GATE,M6-P0700,04-artifacts/evidence/prompts/M6-P0701.json,,00-spec/CLAUDE_CONTEXT_BRIEF.md;00-spec/registers/CONTRACT_REGISTER.md;00-spec/M6_FULL_DETAIL_EXTRACT.md,04-artifacts/evidence/prompts/M6-P0701.json;04-artifacts/analysis/contracts/CONTRACT_EVENT_REGISTRY.contract.yaml,TODO,,2026-09-07T22:39:39,0
M6-P0702,62,ANALYST_ARCHITECT,m6-analyst-architect,CONTRACT_HARMONIZATION,HARMONIZATION,CONTRACT_IDENTITY_CONSENT,00-spec/prompts/0062_M6-P0702_CONTRACT_IDENTITY_CONSENT.xml.md,true,false,EVIDENCE_GATE,M6-P0701,04-artifacts/evidence/prompts/M6-P0702.json,,00-spec/CLAUDE_CONTEXT_BRIEF.md;00-spec/registers/CONTRACT_REGISTER.md;00-spec/M6_FULL_DETAIL_EXTRACT.md,04-artifacts/evidence/prompts/M6-P0702.json;04-artifacts/analysis/contracts/CONTRACT_IDENTITY_CONSENT.contract.yaml,TODO,,2026-09-07T22:39:39,0
M6-P0703,63,ANALYST_ARCHITECT,m6-analyst-architect,CONTRACT_HARMONIZATION,HARMONIZATION,CONTRACT_WEB_EVENT_LOGS,00-spec/prompts/0063_M6-P0703_CONTRACT_WEB_EVENT_LOGS.xml.md,true,false,EVIDENCE_GATE,M6-P0702,04-artifacts/evidence/prompts/M6-P0703.json,,00-spec/CLAUDE_CONTEXT_BRIEF.md;00-spec/registers/CONTRACT_REGISTER.md;00-spec/M6_FULL_DETAIL_EXTRACT.md,04-artifacts/evidence/prompts/M6-P0703.json;04-artifacts/analysis/contracts/CONTRACT_WEB_EVENT_LOGS.contract.yaml,TODO,,2026-09-07T22:39:39,0
M6-P0704,64,ANALYST_ARCHITECT,m6-analyst-architect,CONTRACT_HARMONIZATION,HARMONIZATION,CONTRACT_CONVERSION_EVENTS,00-spec/prompts/0064_M6-P0704_CONTRACT_CONVERSION_EVENTS.xml.md,true,false,EVIDENCE_GATE,M6-P0703,04-artifacts/evidence/prompts/M6-P0704.json,,00-spec/CLAUDE_CONTEXT_BRIEF.md;00-spec/registers/CONTRACT_REGISTER.md;00-spec/M6_FULL_DETAIL_EXTRACT.md,04-artifacts/evidence/prompts/M6-P0704.json;04-artifacts/analysis/contracts/CONTRACT_CONVERSION_EVENTS.contract.yaml,TODO,,2026-09-07T22:39:39,0
M6-P0705,65,ANALYST_ARCHITECT,m6-analyst-architect,CONTRACT_HARMONIZATION,HARMONIZATION,CONTRACT_MEASUREMENT_OUTBOX,00-spec/prompts/0065_M6-P0705_CONTRACT_MEASUREMENT_OUTBOX.xml.md,true,false,EVIDENCE_GATE,M6-P0704,04-artifacts/evidence/prompts/M6-P0705.json,,00-spec/CLAUDE_CONTEXT_BRIEF.md;00-spec/registers/CONTRACT_REGISTER.md;00-spec/M6_FULL_DETAIL_EXTRACT.md,04-artifacts/evidence/prompts/M6-P0705.json;04-artifacts/analysis/contracts/CONTRACT_MEASUREMENT_OUTBOX.contract.yaml,TODO,,2026-09-07T22:39:39,0
M6-P0706,66,ANALYST_ARCHITECT,m6-analyst-architect,CONTRACT_HARMONIZATION,HARMONIZATION,CONTRACT_AUDIENCE_CHAIN,00-spec/prompts/0066_M6-P0706_CONTRACT_AUDIENCE_CHAIN.xml.md,true,false,EVIDENCE_GATE,M6-P0705,04-artifacts/evidence/prompts/M6-P0706.json,,00-spec/CLAUDE_CONTEXT_BRIEF.md;00-spec/registers/CONTRACT_REGISTER.md;00-spec/M6_FULL_DETAIL_EXTRACT.md,04-artifacts/evidence/prompts/M6-P0706.json;04-artifacts/analysis/contracts/CONTRACT_AUDIENCE_CHAIN.contract.yaml,TODO,,2026-09-07T22:39:39,0
M6-P0707,67,ANALYST_ARCHITECT,m6-analyst-architect,CONTRACT_HARMONIZATION,HARMONIZATION,CONTRACT_MEASUREMENT_EVENTS_STORAGE,00-spec/prompts/0067_M6-P0707_CONTRACT_MEASUREMENT_EVENTS_STORAGE.xml.md,true,false,EVIDENCE_GATE,M6-P0706,04-artifacts/evidence/prompts/M6-P0707.json,,00-spec/CLAUDE_CONTEXT_BRIEF.md;00-spec/registers/CONTRACT_REGISTER.md;00-spec/M6_FULL_DETAIL_EXTRACT.md,04-artifacts/evidence/prompts/M6-P0707.json;04-artifacts/analysis/contracts/CONTRACT_MEASUREMENT_EVENTS_STORAGE.contract.yaml,TODO,,2026-09-07T22:39:39,0
M6-P0708,68,ANALYST_ARCHITECT,m6-analyst-architect,CONTRACT_HARMONIZATION,HARMONIZATION,CONTRACT_DATA_QUALITY_CHECK,00-spec/prompts/0068_M6-P0708_CONTRACT_DATA_QUALITY_CHECK.xml.md,true,false,EVIDENCE_GATE,M6-P0707,04-artifacts/evidence/prompts/M6-P0708.json,,00-spec/CLAUDE_CONTEXT_BRIEF.md;00-spec/registers/CONTRACT_REGISTER.md;00-spec/M6_FULL_DETAIL_EXTRACT.md,04-artifacts/evidence/prompts/M6-P0708.json;04-artifacts/analysis/contracts/CONTRACT_DATA_QUALITY_CHECK.contract.yaml,TODO,,2026-09-07T22:39:39,0
M6-P0709,69,ANALYST_ARCHITECT,m6-analyst-architect,CONTRACT_HARMONIZATION,HARMONIZATION,CONTRACT_SCALE_REQUEST,00-spec/prompts/0069_M6-P0709_CONTRACT_SCALE_REQUEST.xml.md,true,false,EVIDENCE_GATE,M6-P0708,04-artifacts/evidence/prompts/M6-P0709.json,,00-spec/CLAUDE_CONTEXT_BRIEF.md;00-spec/registers/CONTRACT_REGISTER.md;00-spec/M6_FULL_DETAIL_EXTRACT.md,04-artifacts/evidence/prompts/M6-P0709.json;04-artifacts/analysis/contracts/CONTRACT_SCALE_REQUEST.contract.yaml,TODO,,2026-09-07T22:39:39,0
M6-P0710,70,ANALYST_ARCHITECT,m6-analyst-architect,CONTRACT_HARMONIZATION,HARMONIZATION,CONTRACT_LEARNING_CANDIDATE,00-spec/prompts/0070_M6-P0710_CONTRACT_LEARNING_CANDIDATE.xml.md,true,false,EVIDENCE_GATE,M6-P0709,04-artifacts/evidence/prompts/M6-P0710.json,,00-spec/CLAUDE_CONTEXT_BRIEF.md;00-spec/registers/CONTRACT_REGISTER.md;00-spec/M6_FULL_DETAIL_EXTRACT.md,04-artifacts/evidence/prompts/M6-P0710.json;04-artifacts/analysis/contracts/CONTRACT_LEARNING_CANDIDATE.contract.yaml,TODO,,2026-09-07T22:39:39,0
M6-P0711,71,ANALYST_ARCHITECT,m6-analyst-architect,CONTRACT_HARMONIZATION,HARMONIZATION,CONTRACT_TRACK_APIS,00-spec/prompts/0071_M6-P0711_CONTRACT_TRACK_APIS.xml.md,true,false,EVIDENCE_GATE,M6-P0710,04-artifacts/evidence/prompts/M6-P0711.json,,00-spec/CLAUDE_CONTEXT_BRIEF.md;00-spec/registers/CONTRACT_REGISTER.md;00-spec/M6_FULL_DETAIL_EXTRACT.md,04-artifacts/evidence/prompts/M6-P0711.json;04-artifacts/analysis/contracts/CONTRACT_TRACK_APIS.contract.yaml,TODO,,2026-09-07T22:39:39,0
M6-P0712,72,ANALYST_ARCHITECT,m6-analyst-architect,CONTRACT_HARMONIZATION,HARMONIZATION,CONTRACT_ADMIN_APIS,00-spec/prompts/0072_M6-P0712_CONTRACT_ADMIN_APIS.xml.md,true,false,EVIDENCE_GATE,M6-P0711,04-artifacts/evidence/prompts/M6-P0712.json,,00-spec/CLAUDE_CONTEXT_BRIEF.md;00-spec/registers/CONTRACT_REGISTER.md;00-spec/M6_FULL_DETAIL_EXTRACT.md,04-artifacts/evidence/prompts/M6-P0712.json;04-artifacts/analysis/contracts/CONTRACT_ADMIN_APIS.contract.yaml,TODO,,2026-09-07T22:39:39,0
M6-P0713,73,ANALYST_ARCHITECT,m6-analyst-architect,CONTRACT_HARMONIZATION,HARMONIZATION,CONTRACT_WORKERS,00-spec/prompts/0073_M6-P0713_CONTRACT_WORKERS.xml.md,true,false,EVIDENCE_GATE,M6-P0712,04-artifacts/evidence/prompts/M6-P0713.json,,00-spec/CLAUDE_CONTEXT_BRIEF.md;00-spec/registers/CONTRACT_REGISTER.md;00-spec/M6_FULL_DETAIL_EXTRACT.md,04-artifacts/evidence/prompts/M6-P0713.json;04-artifacts/analysis/contracts/CONTRACT_WORKERS.contract.yaml,TODO,,2026-09-07T22:39:39,0
M6-P0714,74,ANALYST_ARCHITECT,m6-analyst-architect,CONTRACT_HARMONIZATION,HARMONIZATION,CONTRACT_KPI_EVIDENCE_BINDING,00-spec/prompts/0074_M6-P0714_CONTRACT_KPI_EVIDENCE_BINDING.xml.md,true,false,EVIDENCE_GATE,M6-P0713,04-artifacts/evidence/prompts/M6-P0714.json,,00-spec/CLAUDE_CONTEXT_BRIEF.md;00-spec/registers/CONTRACT_REGISTER.md;00-spec/M6_FULL_DETAIL_EXTRACT.md,04-artifacts/evidence/prompts/M6-P0714.json;04-artifacts/analysis/contracts/CONTRACT_KPI_EVIDENCE_BINDING.contract.yaml,TODO,,2026-09-07T22:39:39,0
M6-P0715,75,JUDGE,m6-judge,CONTRACT_HARMONIZATION,HARMONIZATION,HARMONIZATION_GATE_JUDGE,00-spec/prompts/0075_M6-P0715_HARMONIZATION_GATE_JUDGE.xml.md,true,true,JUDGE_GATE,M6-P0700;M6-P0701;M6-P0702;M6-P0703;M6-P0704;M6-P0705;M6-P0706;M6-P0707;M6-P0708;M6-P0709;M6-P0710;M6-P0711;M6-P0712;M6-P0713;M6-P0714,04-artifacts/evidence/prompts/M6-P0715.json,04-artifacts/evidence/judge/M6-P0715_JUDGE_FINAL_SIGN_OFF.json,00-spec/CLAUDE_CONTEXT_BRIEF.md;04-artifacts/evidence/prompts/M6-P0700.json;04-artifacts/evidence/prompts/M6-P0701.json;04-artifacts/evidence/prompts/M6-P0702.json;04-artifacts/evidence/prompts/M6-P0703.json;04-artifacts/evidence/prompts/M6-P0704.json;04-artifacts/evidence/prompts/M6-P0705.json;04-artifacts/evidence/prompts/M6-P0706.json;04-artifacts/evidence/prompts/M6-P0707.json;04-artifacts/evidence/prompts/M6-P0708.json;04-artifacts/evidence/prompts/M6-P0709.json;04-artifacts/evidence/prompts/M6-P0710.json;04-artifacts/evidence/prompts/M6-P0711.json;04-artifacts/evidence/prompts/M6-P0712.json;04-artifacts/evidence/prompts/M6-P0713.json;04-artifacts/evidence/prompts/M6-P0714.json,04-artifacts/evidence/prompts/M6-P0715.json;04-artifacts/evidence/judge/M6-P0715_JUDGE_FINAL_SIGN_OFF.json,TODO,,2026-09-07T22:39:39,0
M6-P1000,76,JUDGE,m6-judge,SLICE_M6.2A,M6.2A,M6_2A_ENTRY_GATE_JUDGE,00-spec/prompts/0076_M6-P1000_M6_2A_ENTRY_GATE_JUDGE.xml.md,true,true,JUDGE_GATE,M6-P0715,04-artifacts/evidence/prompts/M6-P1000.json,04-artifacts/evidence/judge/M6-P1000_JUDGE_FINAL_SIGN_OFF.json,00-spec/CLAUDE_CONTEXT_BRIEF.md;04-artifacts/state/IMPLEMENTATION_TARGET_LOCKED.json;00-spec/slices/M6.2A.md;00-spec/registers/CONTRACT_REGISTER.md;00-spec/registers/ENTRY_EVIDENCE_REGISTER.md;04-artifacts/evidence/prompts/M6-P0715.json;04-artifacts/evidence/entry/M6-ENTRY-001.json;04-artifacts/evidence/entry/M6-ENTRY-002.json;04-artifacts/evidence/entry/M6-ENTRY-003.json,04-artifacts/evidence/prompts/M6-P1000.json;04-artifacts/evidence/judge/M6-P1000_JUDGE_FINAL_SIGN_OFF.json,TODO,,2026-09-07T22:39:39,0
M6-P1001,77,CODER,m6-coder,SLICE_M6.2A,M6.2A,M6_2A_CODER_PLAN,00-spec/prompts/0077_M6-P1001_M6_2A_CODER_PLAN.xml.md,true,false,EVIDENCE_GATE,M6-P1000,04-artifacts/evidence/prompts/M6-P1001.json,,00-spec/CLAUDE_CONTEXT_BRIEF.md;04-artifacts/state/IMPLEMENTATION_TARGET_LOCKED.json;00-spec/slices/M6.2A.md;04-artifacts/analysis/design/ARCH_BASELINE.md;04-artifacts/evidence/prompts/M6-P1000.json,04-artifacts/evidence/prompts/M6-P1001.json;04-artifacts/impl/M6.2A/PLAN.md,TODO,,2026-09-07T22:39:39,0
M6-P1002,78,CODER,m6-coder,SLICE_M6.2A,M6.2A,M6_2A_CODER_IMPLEMENT,00-spec/prompts/0078_M6-P1002_M6_2A_CODER_IMPLEMENT.xml.md,true,false,EVIDENCE_GATE,M6-P1001,04-artifacts/evidence/prompts/M6-P1002.json,,00-spec/CLAUDE_CONTEXT_BRIEF.md;04-artifacts/state/IMPLEMENTATION_TARGET_LOCKED.json;00-spec/slices/M6.2A.md;04-artifacts/impl/M6.2A/PLAN.md;04-artifacts/evidence/prompts/M6-P1001.json,04-artifacts/evidence/prompts/M6-P1002.json;04-artifacts/impl/M6.2A/IMPLEMENTATION_NOTES.md,TODO,,2026-09-07T22:39:39,0
M6-P1003,79,TESTER,m6-tester,SLICE_M6.2A,M6.2A,M6_2A_TESTER_BUILD,00-spec/prompts/0079_M6-P1003_M6_2A_TESTER_BUILD.xml.md,true,false,EVIDENCE_GATE,M6-P1002,04-artifacts/evidence/prompts/M6-P1003.json,,00-spec/CLAUDE_CONTEXT_BRIEF.md;04-artifacts/state/IMPLEMENTATION_TARGET_LOCKED.json;00-spec/slices/M6.2A.md;00-spec/registers/SMOKE_REGISTER.md;04-artifacts/evidence/prompts/M6-P1002.json,04-artifacts/evidence/prompts/M6-P1003.json;04-artifacts/impl/M6.2A/tests/TEST_MANIFEST.md,TODO,,2026-09-07T22:39:39,0
M6-P1004,80,TESTER,m6-tester,SLICE_M6.2A,M6.2A,M6_2A_TESTER_RUN,00-spec/prompts/0080_M6-P1004_M6_2A_TESTER_RUN.xml.md,true,false,EVIDENCE_GATE,M6-P1003,04-artifacts/evidence/prompts/M6-P1004.json,,00-spec/CLAUDE_CONTEXT_BRIEF.md;04-artifacts/state/IMPLEMENTATION_TARGET_LOCKED.json;04-artifacts/impl/M6.2A/tests/TEST_MANIFEST.md;04-artifacts/evidence/prompts/M6-P1003.json,04-artifacts/evidence/prompts/M6-P1004.json;04-artifacts/test-reports/M6.2A/SMOKE_RESULTS.md,TODO,,2026-09-07T22:39:39,0
M6-P1005,81,BOUNDARY_ADVERSARY,m6-boundary-adversary,SLICE_M6.2A,M6.2A,M6_2A_BOUNDARY_ADVERSARY,00-spec/prompts/0081_M6-P1005_M6_2A_BOUNDARY_ADVERSARY.xml.md,true,false,EVIDENCE_GATE,M6-P1004,04-artifacts/evidence/prompts/M6-P1005.json,,00-spec/CLAUDE_CONTEXT_BRIEF.md;00-spec/slices/M6.2A.md;04-artifacts/test-reports/M6.2A/SMOKE_RESULTS.md;04-artifacts/evidence/prompts/M6-P1004.json,04-artifacts/evidence/prompts/M6-P1005.json;04-artifacts/boundary-reports/M6.2A_boundary.md,TODO,,2026-09-07T22:39:39,0
M6-P1006,82,SECURITY_PII,m6-security-pii,SLICE_M6.2A,M6.2A,M6_2A_SECURITY_REVIEW,00-spec/prompts/0082_M6-P1006_M6_2A_SECURITY_REVIEW.xml.md,true,false,EVIDENCE_GATE,M6-P1005,04-artifacts/evidence/prompts/M6-P1006.json,,00-spec/CLAUDE_CONTEXT_BRIEF.md;00-spec/slices/M6.2A.md;04-artifacts/boundary-reports/M6.2A_boundary.md;04-artifacts/evidence/prompts/M6-P1005.json,04-artifacts/evidence/prompts/M6-P1006.json;04-artifacts/security-reports/M6.2A_security.md,TODO,,2026-09-07T22:39:39,0
M6-P1007,83,PM_ORCHESTRATOR,m6-pm-orchestrator,SLICE_M6.2A,M6.2A,M6_2A_EVIDENCE_COLLECT,00-spec/prompts/0083_M6-P1007_M6_2A_EVIDENCE_COLLECT.xml.md,true,false,EVIDENCE_GATE,M6-P1006,04-artifacts/evidence/prompts/M6-P1007.json,,00-spec/CLAUDE_CONTEXT_BRIEF.md;00-spec/slices/M6.2A.md;04-artifacts/evidence/prompts/M6-P1000.json;04-artifacts/evidence/prompts/M6-P1001.json;04-artifacts/evidence/prompts/M6-P1002.json;04-artifacts/evidence/prompts/M6-P1003.json;04-artifacts/evidence/prompts/M6-P1004.json;04-artifacts/evidence/prompts/M6-P1005.json;04-artifacts/evidence/prompts/M6-P1006.json,04-artifacts/evidence/prompts/M6-P1007.json;04-artifacts/evidence/prompts/M6_2A_EVIDENCE_INDEX.md,TODO,,2026-09-07T22:39:39,0
M6-P1008,84,ANALYST_ARCHITECT,m6-analyst-architect,SLICE_M6.2A,M6.2A,M6_2A_DOCS,00-spec/prompts/0084_M6-P1008_M6_2A_DOCS.xml.md,true,false,EVIDENCE_GATE,M6-P1007,04-artifacts/evidence/prompts/M6-P1008.json,,00-spec/CLAUDE_CONTEXT_BRIEF.md;00-spec/slices/M6.2A.md;04-artifacts/evidence/prompts/M6-P1007.json,04-artifacts/evidence/prompts/M6-P1008.json;04-artifacts/analysis/slices/M6_2A_RUNBOOK.md,TODO,,2026-09-07T22:39:39,0
M6-P1009,85,JUDGE,m6-judge,SLICE_M6.2A,M6.2A,M6_2A_SLICE_GATE_JUDGE,00-spec/prompts/0085_M6-P1009_M6_2A_SLICE_GATE_JUDGE.xml.md,true,true,JUDGE_GATE,M6-P1008,04-artifacts/evidence/prompts/M6-P1009.json,04-artifacts/evidence/judge/M6-P1009_JUDGE_FINAL_SIGN_OFF.json,00-spec/CLAUDE_CONTEXT_BRIEF.md;00-spec/slices/M6.2A.md;04-artifacts/evidence/prompts/M6-P1000.json;04-artifacts/evidence/prompts/M6-P1001.json;04-artifacts/evidence/prompts/M6-P1002.json;04-artifacts/evidence/prompts/M6-P1003.json;04-artifacts/evidence/prompts/M6-P1004.json;04-artifacts/evidence/prompts/M6-P1005.json;04-artifacts/evidence/prompts/M6-P1006.json;04-artifacts/evidence/prompts/M6-P1007.json;04-artifacts/evidence/prompts/M6-P1008.json,04-artifacts/evidence/prompts/M6-P1009.json;04-artifacts/evidence/judge/M6-P1009_JUDGE_FINAL_SIGN_OFF.json,TODO,,2026-09-07T22:39:39,0
M6-P1100,86,JUDGE,m6-judge,SLICE_M6.2B,M6.2B,M6_2B_ENTRY_GATE_JUDGE,00-spec/prompts/0086_M6-P1100_M6_2B_ENTRY_GATE_JUDGE.xml.md,true,true,JUDGE_GATE,M6-P1009,04-artifacts/evidence/prompts/M6-P1100.json,04-artifacts/evidence/judge/M6-P1100_JUDGE_FINAL_SIGN_OFF.json,00-spec/CLAUDE_CONTEXT_BRIEF.md;04-artifacts/state/IMPLEMENTATION_TARGET_LOCKED.json;00-spec/slices/M6.2B.md;00-spec/registers/CONTRACT_REGISTER.md;00-spec/registers/ENTRY_EVIDENCE_REGISTER.md;04-artifacts/evidence/prompts/M6-P1009.json,04-artifacts/evidence/prompts/M6-P1100.json;04-artifacts/evidence/judge/M6-P1100_JUDGE_FINAL_SIGN_OFF.json,TODO,,2026-09-07T22:39:39,0
M6-P1101,87,CODER,m6-coder,SLICE_M6.2B,M6.2B,M6_2B_CODER_PLAN,00-spec/prompts/0087_M6-P1101_M6_2B_CODER_PLAN.xml.md,true,false,EVIDENCE_GATE,M6-P1100,04-artifacts/evidence/prompts/M6-P1101.json,,00-spec/CLAUDE_CONTEXT_BRIEF.md;04-artifacts/state/IMPLEMENTATION_TARGET_LOCKED.json;00-spec/slices/M6.2B.md;04-artifacts/analysis/design/ARCH_BASELINE.md;04-artifacts/evidence/prompts/M6-P1100.json,04-artifacts/evidence/prompts/M6-P1101.json;04-artifacts/impl/M6.2B/PLAN.md,TODO,,2026-09-07T22:39:39,0
M6-P1102,88,CODER,m6-coder,SLICE_M6.2B,M6.2B,M6_2B_CODER_IMPLEMENT,00-spec/prompts/0088_M6-P1102_M6_2B_CODER_IMPLEMENT.xml.md,true,false,EVIDENCE_GATE,M6-P1101,04-artifacts/evidence/prompts/M6-P1102.json,,00-spec/CLAUDE_CONTEXT_BRIEF.md;04-artifacts/state/IMPLEMENTATION_TARGET_LOCKED.json;00-spec/slices/M6.2B.md;04-artifacts/impl/M6.2B/PLAN.md;04-artifacts/evidence/prompts/M6-P1101.json,04-artifacts/evidence/prompts/M6-P1102.json;04-artifacts/impl/M6.2B/IMPLEMENTATION_NOTES.md,TODO,,2026-09-07T22:39:39,0
M6-P1103,89,TESTER,m6-tester,SLICE_M6.2B,M6.2B,M6_2B_TESTER_BUILD,00-spec/prompts/0089_M6-P1103_M6_2B_TESTER_BUILD.xml.md,true,false,EVIDENCE_GATE,M6-P1102,04-artifacts/evidence/prompts/M6-P1103.json,,00-spec/CLAUDE_CONTEXT_BRIEF.md;04-artifacts/state/IMPLEMENTATION_TARGET_LOCKED.json;00-spec/slices/M6.2B.md;00-spec/registers/SMOKE_REGISTER.md;04-artifacts/evidence/prompts/M6-P1102.json,04-artifacts/evidence/prompts/M6-P1103.json;04-artifacts/impl/M6.2B/tests/TEST_MANIFEST.md,TODO,,2026-09-07T22:39:39,0
M6-P1104,90,TESTER,m6-tester,SLICE_M6.2B,M6.2B,M6_2B_TESTER_RUN,00-spec/prompts/0090_M6-P1104_M6_2B_TESTER_RUN.xml.md,true,false,EVIDENCE_GATE,M6-P1103,04-artifacts/evidence/prompts/M6-P1104.json,,00-spec/CLAUDE_CONTEXT_BRIEF.md;04-artifacts/state/IMPLEMENTATION_TARGET_LOCKED.json;04-artifacts/impl/M6.2B/tests/TEST_MANIFEST.md;04-artifacts/evidence/prompts/M6-P1103.json,04-artifacts/evidence/prompts/M6-P1104.json;04-artifacts/test-reports/M6.2B/SMOKE_RESULTS.md,TODO,,2026-09-07T22:39:39,0
M6-P1105,91,BOUNDARY_ADVERSARY,m6-boundary-adversary,SLICE_M6.2B,M6.2B,M6_2B_BOUNDARY_ADVERSARY,00-spec/prompts/0091_M6-P1105_M6_2B_BOUNDARY_ADVERSARY.xml.md,true,false,EVIDENCE_GATE,M6-P1104,04-artifacts/evidence/prompts/M6-P1105.json,,00-spec/CLAUDE_CONTEXT_BRIEF.md;00-spec/slices/M6.2B.md;04-artifacts/test-reports/M6.2B/SMOKE_RESULTS.md;04-artifacts/evidence/prompts/M6-P1104.json,04-artifacts/evidence/prompts/M6-P1105.json;04-artifacts/boundary-reports/M6.2B_boundary.md,TODO,,2026-09-07T22:39:39,0
M6-P1106,92,SECURITY_PII,m6-security-pii,SLICE_M6.2B,M6.2B,M6_2B_SECURITY_REVIEW,00-spec/prompts/0092_M6-P1106_M6_2B_SECURITY_REVIEW.xml.md,true,false,EVIDENCE_GATE,M6-P1105,04-artifacts/evidence/prompts/M6-P1106.json,,00-spec/CLAUDE_CONTEXT_BRIEF.md;00-spec/slices/M6.2B.md;04-artifacts/boundary-reports/M6.2B_boundary.md;04-artifacts/evidence/prompts/M6-P1105.json,04-artifacts/evidence/prompts/M6-P1106.json;04-artifacts/security-reports/M6.2B_security.md,TODO,,2026-09-07T22:39:39,0
M6-P1107,93,PM_ORCHESTRATOR,m6-pm-orchestrator,SLICE_M6.2B,M6.2B,M6_2B_EVIDENCE_COLLECT,00-spec/prompts/0093_M6-P1107_M6_2B_EVIDENCE_COLLECT.xml.md,true,false,EVIDENCE_GATE,M6-P1106,04-artifacts/evidence/prompts/M6-P1107.json,,00-spec/CLAUDE_CONTEXT_BRIEF.md;00-spec/slices/M6.2B.md;04-artifacts/evidence/prompts/M6-P1100.json;04-artifacts/evidence/prompts/M6-P1101.json;04-artifacts/evidence/prompts/M6-P1102.json;04-artifacts/evidence/prompts/M6-P1103.json;04-artifacts/evidence/prompts/M6-P1104.json;04-artifacts/evidence/prompts/M6-P1105.json;04-artifacts/evidence/prompts/M6-P1106.json,04-artifacts/evidence/prompts/M6-P1107.json;04-artifacts/evidence/prompts/M6_2B_EVIDENCE_INDEX.md,TODO,,2026-09-07T22:39:39,0
M6-P1108,94,ANALYST_ARCHITECT,m6-analyst-architect,SLICE_M6.2B,M6.2B,M6_2B_DOCS,00-spec/prompts/0094_M6-P1108_M6_2B_DOCS.xml.md,true,false,EVIDENCE_GATE,M6-P1107,04-artifacts/evidence/prompts/M6-P1108.json,,00-spec/CLAUDE_CONTEXT_BRIEF.md;00-spec/slices/M6.2B.md;04-artifacts/evidence/prompts/M6-P1107.json,04-artifacts/evidence/prompts/M6-P1108.json;04-artifacts/analysis/slices/M6_2B_RUNBOOK.md,TODO,,2026-09-07T22:39:39,0
M6-P1109,95,JUDGE,m6-judge,SLICE_M6.2B,M6.2B,M6_2B_SLICE_GATE_JUDGE,00-spec/prompts/0095_M6-P1109_M6_2B_SLICE_GATE_JUDGE.xml.md,true,true,JUDGE_GATE,M6-P1108,04-artifacts/evidence/prompts/M6-P1109.json,04-artifacts/evidence/judge/M6-P1109_JUDGE_FINAL_SIGN_OFF.json,00-spec/CLAUDE_CONTEXT_BRIEF.md;00-spec/slices/M6.2B.md;04-artifacts/evidence/prompts/M6-P1100.json;04-artifacts/evidence/prompts/M6-P1101.json;04-artifacts/evidence/prompts/M6-P1102.json;04-artifacts/evidence/prompts/M6-P1103.json;04-artifacts/evidence/prompts/M6-P1104.json;04-artifacts/evidence/prompts/M6-P1105.json;04-artifacts/evidence/prompts/M6-P1106.json;04-artifacts/evidence/prompts/M6-P1107.json;04-artifacts/evidence/prompts/M6-P1108.json,04-artifacts/evidence/prompts/M6-P1109.json;04-artifacts/evidence/judge/M6-P1109_JUDGE_FINAL_SIGN_OFF.json,TODO,,2026-09-07T22:39:39,0
M6-P1200,96,JUDGE,m6-judge,SLICE_M6.2C,M6.2C,M6_2C_ENTRY_GATE_JUDGE,00-spec/prompts/0096_M6-P1200_M6_2C_ENTRY_GATE_JUDGE.xml.md,true,true,JUDGE_GATE,M6-P1109,04-artifacts/evidence/prompts/M6-P1200.json,04-artifacts/evidence/judge/M6-P1200_JUDGE_FINAL_SIGN_OFF.json,00-spec/CLAUDE_CONTEXT_BRIEF.md;04-artifacts/state/IMPLEMENTATION_TARGET_LOCKED.json;00-spec/slices/M6.2C.md;00-spec/registers/CONTRACT_REGISTER.md;00-spec/registers/ENTRY_EVIDENCE_REGISTER.md;04-artifacts/evidence/prompts/M6-P1109.json,04-artifacts/evidence/prompts/M6-P1200.json;04-artifacts/evidence/judge/M6-P1200_JUDGE_FINAL_SIGN_OFF.json,TODO,,2026-09-07T22:39:39,0
M6-P1201,97,CODER,m6-coder,SLICE_M6.2C,M6.2C,M6_2C_CODER_PLAN,00-spec/prompts/0097_M6-P1201_M6_2C_CODER_PLAN.xml.md,true,false,EVIDENCE_GATE,M6-P1200,04-artifacts/evidence/prompts/M6-P1201.json,,00-spec/CLAUDE_CONTEXT_BRIEF.md;04-artifacts/state/IMPLEMENTATION_TARGET_LOCKED.json;00-spec/slices/M6.2C.md;04-artifacts/analysis/design/ARCH_BASELINE.md;04-artifacts/evidence/prompts/M6-P1200.json,04-artifacts/evidence/prompts/M6-P1201.json;04-artifacts/impl/M6.2C/PLAN.md,TODO,,2026-09-07T22:39:39,0
M6-P1202,98,CODER,m6-coder,SLICE_M6.2C,M6.2C,M6_2C_CODER_IMPLEMENT,00-spec/prompts/0098_M6-P1202_M6_2C_CODER_IMPLEMENT.xml.md,true,false,EVIDENCE_GATE,M6-P1201,04-artifacts/evidence/prompts/M6-P1202.json,,00-spec/CLAUDE_CONTEXT_BRIEF.md;04-artifacts/state/IMPLEMENTATION_TARGET_LOCKED.json;00-spec/slices/M6.2C.md;04-artifacts/impl/M6.2C/PLAN.md;04-artifacts/evidence/prompts/M6-P1201.json,04-artifacts/evidence/prompts/M6-P1202.json;04-artifacts/impl/M6.2C/IMPLEMENTATION_NOTES.md,TODO,,2026-09-07T22:39:39,0
M6-P1203,99,TESTER,m6-tester,SLICE_M6.2C,M6.2C,M6_2C_TESTER_BUILD,00-spec/prompts/0099_M6-P1203_M6_2C_TESTER_BUILD.xml.md,true,false,EVIDENCE_GATE,M6-P1202,04-artifacts/evidence/prompts/M6-P1203.json,,00-spec/CLAUDE_CONTEXT_BRIEF.md;04-artifacts/state/IMPLEMENTATION_TARGET_LOCKED.json;00-spec/slices/M6.2C.md;00-spec/registers/SMOKE_REGISTER.md;04-artifacts/evidence/prompts/M6-P1202.json,04-artifacts/evidence/prompts/M6-P1203.json;04-artifacts/impl/M6.2C/tests/TEST_MANIFEST.md,TODO,,2026-09-07T22:39:39,0
M6-P1204,100,TESTER,m6-tester,SLICE_M6.2C,M6.2C,M6_2C_TESTER_RUN,00-spec/prompts/0100_M6-P1204_M6_2C_TESTER_RUN.xml.md,true,false,EVIDENCE_GATE,M6-P1203,04-artifacts/evidence/prompts/M6-P1204.json,,00-spec/CLAUDE_CONTEXT_BRIEF.md;04-artifacts/state/IMPLEMENTATION_TARGET_LOCKED.json;04-artifacts/impl/M6.2C/tests/TEST_MANIFEST.md;04-artifacts/evidence/prompts/M6-P1203.json,04-artifacts/evidence/prompts/M6-P1204.json;04-artifacts/test-reports/M6.2C/SMOKE_RESULTS.md,TODO,,2026-09-07T22:39:39,0
M6-P1205,101,BOUNDARY_ADVERSARY,m6-boundary-adversary,SLICE_M6.2C,M6.2C,M6_2C_BOUNDARY_ADVERSARY,00-spec/prompts/0101_M6-P1205_M6_2C_BOUNDARY_ADVERSARY.xml.md,true,false,EVIDENCE_GATE,M6-P1204,04-artifacts/evidence/prompts/M6-P1205.json,,00-spec/CLAUDE_CONTEXT_BRIEF.md;00-spec/slices/M6.2C.md;04-artifacts/test-reports/M6.2C/SMOKE_RESULTS.md;04-artifacts/evidence/prompts/M6-P1204.json,04-artifacts/evidence/prompts/M6-P1205.json;04-artifacts/boundary-reports/M6.2C_boundary.md,TODO,,2026-09-07T22:39:39,0
M6-P1206,102,SECURITY_PII,m6-security-pii,SLICE_M6.2C,M6.2C,M6_2C_SECURITY_REVIEW,00-spec/prompts/0102_M6-P1206_M6_2C_SECURITY_REVIEW.xml.md,true,false,EVIDENCE_GATE,M6-P1205,04-artifacts/evidence/prompts/M6-P1206.json,,00-spec/CLAUDE_CONTEXT_BRIEF.md;00-spec/slices/M6.2C.md;04-artifacts/boundary-reports/M6.2C_boundary.md;04-artifacts/evidence/prompts/M6-P1205.json,04-artifacts/evidence/prompts/M6-P1206.json;04-artifacts/security-reports/M6.2C_security.md,TODO,,2026-09-07T22:39:39,0
M6-P1207,103,PM_ORCHESTRATOR,m6-pm-orchestrator,SLICE_M6.2C,M6.2C,M6_2C_EVIDENCE_COLLECT,00-spec/prompts/0103_M6-P1207_M6_2C_EVIDENCE_COLLECT.xml.md,true,false,EVIDENCE_GATE,M6-P1206,04-artifacts/evidence/prompts/M6-P1207.json,,00-spec/CLAUDE_CONTEXT_BRIEF.md;00-spec/slices/M6.2C.md;04-artifacts/evidence/prompts/M6-P1200.json;04-artifacts/evidence/prompts/M6-P1201.json;04-artifacts/evidence/prompts/M6-P1202.json;04-artifacts/evidence/prompts/M6-P1203.json;04-artifacts/evidence/prompts/M6-P1204.json;04-artifacts/evidence/prompts/M6-P1205.json;04-artifacts/evidence/prompts/M6-P1206.json,04-artifacts/evidence/prompts/M6-P1207.json;04-artifacts/evidence/prompts/M6_2C_EVIDENCE_INDEX.md,TODO,,2026-09-07T22:39:39,0
M6-P1208,104,ANALYST_ARCHITECT,m6-analyst-architect,SLICE_M6.2C,M6.2C,M6_2C_DOCS,00-spec/prompts/0104_M6-P1208_M6_2C_DOCS.xml.md,true,false,EVIDENCE_GATE,M6-P1207,04-artifacts/evidence/prompts/M6-P1208.json,,00-spec/CLAUDE_CONTEXT_BRIEF.md;00-spec/slices/M6.2C.md;04-artifacts/evidence/prompts/M6-P1207.json,04-artifacts/evidence/prompts/M6-P1208.json;04-artifacts/analysis/slices/M6_2C_RUNBOOK.md,TODO,,2026-09-07T22:39:39,0
M6-P1209,105,JUDGE,m6-judge,SLICE_M6.2C,M6.2C,M6_2C_SLICE_GATE_JUDGE,00-spec/prompts/0105_M6-P1209_M6_2C_SLICE_GATE_JUDGE.xml.md,true,true,JUDGE_GATE,M6-P1208,04-artifacts/evidence/prompts/M6-P1209.json,04-artifacts/evidence/judge/M6-P1209_JUDGE_FINAL_SIGN_OFF.json,00-spec/CLAUDE_CONTEXT_BRIEF.md;00-spec/slices/M6.2C.md;04-artifacts/evidence/prompts/M6-P1200.json;04-artifacts/evidence/prompts/M6-P1201.json;04-artifacts/evidence/prompts/M6-P1202.json;04-artifacts/evidence/prompts/M6-P1203.json;04-artifacts/evidence/prompts/M6-P1204.json;04-artifacts/evidence/prompts/M6-P1205.json;04-artifacts/evidence/prompts/M6-P1206.json;04-artifacts/evidence/prompts/M6-P1207.json;04-artifacts/evidence/prompts/M6-P1208.json,04-artifacts/evidence/prompts/M6-P1209.json;04-artifacts/evidence/judge/M6-P1209_JUDGE_FINAL_SIGN_OFF.json,TODO,,2026-09-07T22:39:39,0
M6-P1300,106,JUDGE,m6-judge,SLICE_M6.2D,M6.2D,M6_2D_ENTRY_GATE_JUDGE,00-spec/prompts/0106_M6-P1300_M6_2D_ENTRY_GATE_JUDGE.xml.md,true,true,JUDGE_GATE,M6-P1209,04-artifacts/evidence/prompts/M6-P1300.json,04-artifacts/evidence/judge/M6-P1300_JUDGE_FINAL_SIGN_OFF.json,00-spec/CLAUDE_CONTEXT_BRIEF.md;04-artifacts/state/IMPLEMENTATION_TARGET_LOCKED.json;00-spec/slices/M6.2D.md;00-spec/registers/CONTRACT_REGISTER.md;00-spec/registers/ENTRY_EVIDENCE_REGISTER.md;04-artifacts/evidence/prompts/M6-P1209.json,04-artifacts/evidence/prompts/M6-P1300.json;04-artifacts/evidence/judge/M6-P1300_JUDGE_FINAL_SIGN_OFF.json,TODO,,2026-09-07T22:39:39,0
M6-P1301,107,CODER,m6-coder,SLICE_M6.2D,M6.2D,M6_2D_CODER_PLAN,00-spec/prompts/0107_M6-P1301_M6_2D_CODER_PLAN.xml.md,true,false,EVIDENCE_GATE,M6-P1300,04-artifacts/evidence/prompts/M6-P1301.json,,00-spec/CLAUDE_CONTEXT_BRIEF.md;04-artifacts/state/IMPLEMENTATION_TARGET_LOCKED.json;00-spec/slices/M6.2D.md;04-artifacts/analysis/design/ARCH_BASELINE.md;04-artifacts/evidence/prompts/M6-P1300.json,04-artifacts/evidence/prompts/M6-P1301.json;04-artifacts/impl/M6.2D/PLAN.md,TODO,,2026-09-07T22:39:39,0
M6-P1302,108,CODER,m6-coder,SLICE_M6.2D,M6.2D,M6_2D_CODER_IMPLEMENT,00-spec/prompts/0108_M6-P1302_M6_2D_CODER_IMPLEMENT.xml.md,true,false,EVIDENCE_GATE,M6-P1301,04-artifacts/evidence/prompts/M6-P1302.json,,00-spec/CLAUDE_CONTEXT_BRIEF.md;04-artifacts/state/IMPLEMENTATION_TARGET_LOCKED.json;00-spec/slices/M6.2D.md;04-artifacts/impl/M6.2D/PLAN.md;04-artifacts/evidence/prompts/M6-P1301.json,04-artifacts/evidence/prompts/M6-P1302.json;04-artifacts/impl/M6.2D/IMPLEMENTATION_NOTES.md,TODO,,2026-09-07T22:39:39,0
M6-P1303,109,TESTER,m6-tester,SLICE_M6.2D,M6.2D,M6_2D_TESTER_BUILD,00-spec/prompts/0109_M6-P1303_M6_2D_TESTER_BUILD.xml.md,true,false,EVIDENCE_GATE,M6-P1302,04-artifacts/evidence/prompts/M6-P1303.json,,00-spec/CLAUDE_CONTEXT_BRIEF.md;04-artifacts/state/IMPLEMENTATION_TARGET_LOCKED.json;00-spec/slices/M6.2D.md;00-spec/registers/SMOKE_REGISTER.md;04-artifacts/evidence/prompts/M6-P1302.json,04-artifacts/evidence/prompts/M6-P1303.json;04-artifacts/impl/M6.2D/tests/TEST_MANIFEST.md,TODO,,2026-09-07T22:39:39,0
M6-P1304,110,TESTER,m6-tester,SLICE_M6.2D,M6.2D,M6_2D_TESTER_RUN,00-spec/prompts/0110_M6-P1304_M6_2D_TESTER_RUN.xml.md,true,false,EVIDENCE_GATE,M6-P1303,04-artifacts/evidence/prompts/M6-P1304.json,,00-spec/CLAUDE_CONTEXT_BRIEF.md;04-artifacts/state/IMPLEMENTATION_TARGET_LOCKED.json;04-artifacts/impl/M6.2D/tests/TEST_MANIFEST.md;04-artifacts/evidence/prompts/M6-P1303.json,04-artifacts/evidence/prompts/M6-P1304.json;04-artifacts/test-reports/M6.2D/SMOKE_RESULTS.md,TODO,,2026-09-07T22:39:39,0
M6-P1305,111,BOUNDARY_ADVERSARY,m6-boundary-adversary,SLICE_M6.2D,M6.2D,M6_2D_BOUNDARY_ADVERSARY,00-spec/prompts/0111_M6-P1305_M6_2D_BOUNDARY_ADVERSARY.xml.md,true,false,EVIDENCE_GATE,M6-P1304,04-artifacts/evidence/prompts/M6-P1305.json,,00-spec/CLAUDE_CONTEXT_BRIEF.md;00-spec/slices/M6.2D.md;04-artifacts/test-reports/M6.2D/SMOKE_RESULTS.md;04-artifacts/evidence/prompts/M6-P1304.json,04-artifacts/evidence/prompts/M6-P1305.json;04-artifacts/boundary-reports/M6.2D_boundary.md,TODO,,2026-09-07T22:39:39,0
M6-P1306,112,SECURITY_PII,m6-security-pii,SLICE_M6.2D,M6.2D,M6_2D_SECURITY_REVIEW,00-spec/prompts/0112_M6-P1306_M6_2D_SECURITY_REVIEW.xml.md,true,false,EVIDENCE_GATE,M6-P1305,04-artifacts/evidence/prompts/M6-P1306.json,,00-spec/CLAUDE_CONTEXT_BRIEF.md;00-spec/slices/M6.2D.md;04-artifacts/boundary-reports/M6.2D_boundary.md;04-artifacts/evidence/prompts/M6-P1305.json,04-artifacts/evidence/prompts/M6-P1306.json;04-artifacts/security-reports/M6.2D_security.md,TODO,,2026-09-07T22:39:39,0
M6-P1307,113,PM_ORCHESTRATOR,m6-pm-orchestrator,SLICE_M6.2D,M6.2D,M6_2D_EVIDENCE_COLLECT,00-spec/prompts/0113_M6-P1307_M6_2D_EVIDENCE_COLLECT.xml.md,true,false,EVIDENCE_GATE,M6-P1306,04-artifacts/evidence/prompts/M6-P1307.json,,00-spec/CLAUDE_CONTEXT_BRIEF.md;00-spec/slices/M6.2D.md;04-artifacts/evidence/prompts/M6-P1300.json;04-artifacts/evidence/prompts/M6-P1301.json;04-artifacts/evidence/prompts/M6-P1302.json;04-artifacts/evidence/prompts/M6-P1303.json;04-artifacts/evidence/prompts/M6-P1304.json;04-artifacts/evidence/prompts/M6-P1305.json;04-artifacts/evidence/prompts/M6-P1306.json,04-artifacts/evidence/prompts/M6-P1307.json;04-artifacts/evidence/prompts/M6_2D_EVIDENCE_INDEX.md,TODO,,2026-09-07T22:39:39,0
M6-P1308,114,ANALYST_ARCHITECT,m6-analyst-architect,SLICE_M6.2D,M6.2D,M6_2D_DOCS,00-spec/prompts/0114_M6-P1308_M6_2D_DOCS.xml.md,true,false,EVIDENCE_GATE,M6-P1307,04-artifacts/evidence/prompts/M6-P1308.json,,00-spec/CLAUDE_CONTEXT_BRIEF.md;00-spec/slices/M6.2D.md;04-artifacts/evidence/prompts/M6-P1307.json,04-artifacts/evidence/prompts/M6-P1308.json;04-artifacts/analysis/slices/M6_2D_RUNBOOK.md,TODO,,2026-09-07T22:39:39,0
M6-P1309,115,JUDGE,m6-judge,SLICE_M6.2D,M6.2D,M6_2D_SLICE_GATE_JUDGE,00-spec/prompts/0115_M6-P1309_M6_2D_SLICE_GATE_JUDGE.xml.md,true,true,JUDGE_GATE,M6-P1308,04-artifacts/evidence/prompts/M6-P1309.json,04-artifacts/evidence/judge/M6-P1309_JUDGE_FINAL_SIGN_OFF.json,00-spec/CLAUDE_CONTEXT_BRIEF.md;00-spec/slices/M6.2D.md;04-artifacts/evidence/prompts/M6-P1300.json;04-artifacts/evidence/prompts/M6-P1301.json;04-artifacts/evidence/prompts/M6-P1302.json;04-artifacts/evidence/prompts/M6-P1303.json;04-artifacts/evidence/prompts/M6-P1304.json;04-artifacts/evidence/prompts/M6-P1305.json;04-artifacts/evidence/prompts/M6-P1306.json;04-artifacts/evidence/prompts/M6-P1307.json;04-artifacts/evidence/prompts/M6-P1308.json,04-artifacts/evidence/prompts/M6-P1309.json;04-artifacts/evidence/judge/M6-P1309_JUDGE_FINAL_SIGN_OFF.json,TODO,,2026-09-07T22:39:39,0
M6-P1400,116,JUDGE,m6-judge,SLICE_M6.2E,M6.2E,M6_2E_ENTRY_GATE_JUDGE,00-spec/prompts/0116_M6-P1400_M6_2E_ENTRY_GATE_JUDGE.xml.md,true,true,JUDGE_GATE,M6-P1309,04-artifacts/evidence/prompts/M6-P1400.json,04-artifacts/evidence/judge/M6-P1400_JUDGE_FINAL_SIGN_OFF.json,00-spec/CLAUDE_CONTEXT_BRIEF.md;04-artifacts/state/IMPLEMENTATION_TARGET_LOCKED.json;00-spec/slices/M6.2E.md;00-spec/registers/CONTRACT_REGISTER.md;00-spec/registers/ENTRY_EVIDENCE_REGISTER.md;04-artifacts/evidence/prompts/M6-P1309.json,04-artifacts/evidence/prompts/M6-P1400.json;04-artifacts/evidence/judge/M6-P1400_JUDGE_FINAL_SIGN_OFF.json,TODO,,2026-09-07T22:39:39,0
M6-P1401,117,CODER,m6-coder,SLICE_M6.2E,M6.2E,M6_2E_CODER_PLAN,00-spec/prompts/0117_M6-P1401_M6_2E_CODER_PLAN.xml.md,true,false,EVIDENCE_GATE,M6-P1400,04-artifacts/evidence/prompts/M6-P1401.json,,00-spec/CLAUDE_CONTEXT_BRIEF.md;04-artifacts/state/IMPLEMENTATION_TARGET_LOCKED.json;00-spec/slices/M6.2E.md;04-artifacts/analysis/design/ARCH_BASELINE.md;04-artifacts/evidence/prompts/M6-P1400.json,04-artifacts/evidence/prompts/M6-P1401.json;04-artifacts/impl/M6.2E/PLAN.md,TODO,,2026-09-07T22:39:39,0
M6-P1402,118,CODER,m6-coder,SLICE_M6.2E,M6.2E,M6_2E_CODER_IMPLEMENT,00-spec/prompts/0118_M6-P1402_M6_2E_CODER_IMPLEMENT.xml.md,true,false,EVIDENCE_GATE,M6-P1401,04-artifacts/evidence/prompts/M6-P1402.json,,00-spec/CLAUDE_CONTEXT_BRIEF.md;04-artifacts/state/IMPLEMENTATION_TARGET_LOCKED.json;00-spec/slices/M6.2E.md;04-artifacts/impl/M6.2E/PLAN.md;04-artifacts/evidence/prompts/M6-P1401.json,04-artifacts/evidence/prompts/M6-P1402.json;04-artifacts/impl/M6.2E/IMPLEMENTATION_NOTES.md,TODO,,2026-09-07T22:39:39,0
M6-P1403,119,TESTER,m6-tester,SLICE_M6.2E,M6.2E,M6_2E_TESTER_BUILD,00-spec/prompts/0119_M6-P1403_M6_2E_TESTER_BUILD.xml.md,true,false,EVIDENCE_GATE,M6-P1402,04-artifacts/evidence/prompts/M6-P1403.json,,00-spec/CLAUDE_CONTEXT_BRIEF.md;04-artifacts/state/IMPLEMENTATION_TARGET_LOCKED.json;00-spec/slices/M6.2E.md;00-spec/registers/SMOKE_REGISTER.md;04-artifacts/evidence/prompts/M6-P1402.json,04-artifacts/evidence/prompts/M6-P1403.json;04-artifacts/impl/M6.2E/tests/TEST_MANIFEST.md,TODO,,2026-09-07T22:39:39,0
M6-P1404,120,TESTER,m6-tester,SLICE_M6.2E,M6.2E,M6_2E_TESTER_RUN,00-spec/prompts/0120_M6-P1404_M6_2E_TESTER_RUN.xml.md,true,false,EVIDENCE_GATE,M6-P1403,04-artifacts/evidence/prompts/M6-P1404.json,,00-spec/CLAUDE_CONTEXT_BRIEF.md;04-artifacts/state/IMPLEMENTATION_TARGET_LOCKED.json;04-artifacts/impl/M6.2E/tests/TEST_MANIFEST.md;04-artifacts/evidence/prompts/M6-P1403.json,04-artifacts/evidence/prompts/M6-P1404.json;04-artifacts/test-reports/M6.2E/SMOKE_RESULTS.md,TODO,,2026-09-07T22:39:39,0
M6-P1405,121,BOUNDARY_ADVERSARY,m6-boundary-adversary,SLICE_M6.2E,M6.2E,M6_2E_BOUNDARY_ADVERSARY,00-spec/prompts/0121_M6-P1405_M6_2E_BOUNDARY_ADVERSARY.xml.md,true,false,EVIDENCE_GATE,M6-P1404,04-artifacts/evidence/prompts/M6-P1405.json,,00-spec/CLAUDE_CONTEXT_BRIEF.md;00-spec/slices/M6.2E.md;04-artifacts/test-reports/M6.2E/SMOKE_RESULTS.md;04-artifacts/evidence/prompts/M6-P1404.json,04-artifacts/evidence/prompts/M6-P1405.json;04-artifacts/boundary-reports/M6.2E_boundary.md,TODO,,2026-09-07T22:39:39,0
M6-P1406,122,SECURITY_PII,m6-security-pii,SLICE_M6.2E,M6.2E,M6_2E_SECURITY_REVIEW,00-spec/prompts/0122_M6-P1406_M6_2E_SECURITY_REVIEW.xml.md,true,false,EVIDENCE_GATE,M6-P1405,04-artifacts/evidence/prompts/M6-P1406.json,,00-spec/CLAUDE_CONTEXT_BRIEF.md;00-spec/slices/M6.2E.md;04-artifacts/boundary-reports/M6.2E_boundary.md;04-artifacts/evidence/prompts/M6-P1405.json,04-artifacts/evidence/prompts/M6-P1406.json;04-artifacts/security-reports/M6.2E_security.md,TODO,,2026-09-07T22:39:39,0
M6-P1407,123,PM_ORCHESTRATOR,m6-pm-orchestrator,SLICE_M6.2E,M6.2E,M6_2E_EVIDENCE_COLLECT,00-spec/prompts/0123_M6-P1407_M6_2E_EVIDENCE_COLLECT.xml.md,true,false,EVIDENCE_GATE,M6-P1406,04-artifacts/evidence/prompts/M6-P1407.json,,00-spec/CLAUDE_CONTEXT_BRIEF.md;00-spec/slices/M6.2E.md;04-artifacts/evidence/prompts/M6-P1400.json;04-artifacts/evidence/prompts/M6-P1401.json;04-artifacts/evidence/prompts/M6-P1402.json;04-artifacts/evidence/prompts/M6-P1403.json;04-artifacts/evidence/prompts/M6-P1404.json;04-artifacts/evidence/prompts/M6-P1405.json;04-artifacts/evidence/prompts/M6-P1406.json,04-artifacts/evidence/prompts/M6-P1407.json;04-artifacts/evidence/prompts/M6_2E_EVIDENCE_INDEX.md,TODO,,2026-09-07T22:39:39,0
M6-P1408,124,ANALYST_ARCHITECT,m6-analyst-architect,SLICE_M6.2E,M6.2E,M6_2E_DOCS,00-spec/prompts/0124_M6-P1408_M6_2E_DOCS.xml.md,true,false,EVIDENCE_GATE,M6-P1407,04-artifacts/evidence/prompts/M6-P1408.json,,00-spec/CLAUDE_CONTEXT_BRIEF.md;00-spec/slices/M6.2E.md;04-artifacts/evidence/prompts/M6-P1407.json,04-artifacts/evidence/prompts/M6-P1408.json;04-artifacts/analysis/slices/M6_2E_RUNBOOK.md,TODO,,2026-09-07T22:39:39,0
M6-P1409,125,JUDGE,m6-judge,SLICE_M6.2E,M6.2E,M6_2E_SLICE_GATE_JUDGE,00-spec/prompts/0125_M6-P1409_M6_2E_SLICE_GATE_JUDGE.xml.md,true,true,JUDGE_GATE,M6-P1408,04-artifacts/evidence/prompts/M6-P1409.json,04-artifacts/evidence/judge/M6-P1409_JUDGE_FINAL_SIGN_OFF.json,00-spec/CLAUDE_CONTEXT_BRIEF.md;00-spec/slices/M6.2E.md;04-artifacts/evidence/prompts/M6-P1400.json;04-artifacts/evidence/prompts/M6-P1401.json;04-artifacts/evidence/prompts/M6-P1402.json;04-artifacts/evidence/prompts/M6-P1403.json;04-artifacts/evidence/prompts/M6-P1404.json;04-artifacts/evidence/prompts/M6-P1405.json;04-artifacts/evidence/prompts/M6-P1406.json;04-artifacts/evidence/prompts/M6-P1407.json;04-artifacts/evidence/prompts/M6-P1408.json,04-artifacts/evidence/prompts/M6-P1409.json;04-artifacts/evidence/judge/M6-P1409_JUDGE_FINAL_SIGN_OFF.json,TODO,,2026-09-07T22:39:39,0
M6-P1500,126,JUDGE,m6-judge,SLICE_M6.2F,M6.2F,M6_2F_ENTRY_GATE_JUDGE,00-spec/prompts/0126_M6-P1500_M6_2F_ENTRY_GATE_JUDGE.xml.md,true,true,JUDGE_GATE,M6-P1409,04-artifacts/evidence/prompts/M6-P1500.json,04-artifacts/evidence/judge/M6-P1500_JUDGE_FINAL_SIGN_OFF.json,00-spec/CLAUDE_CONTEXT_BRIEF.md;04-artifacts/state/IMPLEMENTATION_TARGET_LOCKED.json;00-spec/slices/M6.2F.md;00-spec/registers/CONTRACT_REGISTER.md;00-spec/registers/ENTRY_EVIDENCE_REGISTER.md;04-artifacts/evidence/prompts/M6-P1409.json,04-artifacts/evidence/prompts/M6-P1500.json;04-artifacts/evidence/judge/M6-P1500_JUDGE_FINAL_SIGN_OFF.json,TODO,,2026-09-07T22:39:39,0
M6-P1501,127,CODER,m6-coder,SLICE_M6.2F,M6.2F,M6_2F_CODER_PLAN,00-spec/prompts/0127_M6-P1501_M6_2F_CODER_PLAN.xml.md,true,false,EVIDENCE_GATE,M6-P1500,04-artifacts/evidence/prompts/M6-P1501.json,,00-spec/CLAUDE_CONTEXT_BRIEF.md;04-artifacts/state/IMPLEMENTATION_TARGET_LOCKED.json;00-spec/slices/M6.2F.md;04-artifacts/analysis/design/ARCH_BASELINE.md;04-artifacts/evidence/prompts/M6-P1500.json,04-artifacts/evidence/prompts/M6-P1501.json;04-artifacts/impl/M6.2F/PLAN.md,TODO,,2026-09-07T22:39:39,0
M6-P1502,128,CODER,m6-coder,SLICE_M6.2F,M6.2F,M6_2F_CODER_IMPLEMENT,00-spec/prompts/0128_M6-P1502_M6_2F_CODER_IMPLEMENT.xml.md,true,false,EVIDENCE_GATE,M6-P1501,04-artifacts/evidence/prompts/M6-P1502.json,,00-spec/CLAUDE_CONTEXT_BRIEF.md;04-artifacts/state/IMPLEMENTATION_TARGET_LOCKED.json;00-spec/slices/M6.2F.md;04-artifacts/impl/M6.2F/PLAN.md;04-artifacts/evidence/prompts/M6-P1501.json,04-artifacts/evidence/prompts/M6-P1502.json;04-artifacts/impl/M6.2F/IMPLEMENTATION_NOTES.md,TODO,,2026-09-07T22:39:39,0
M6-P1503,129,TESTER,m6-tester,SLICE_M6.2F,M6.2F,M6_2F_TESTER_BUILD,00-spec/prompts/0129_M6-P1503_M6_2F_TESTER_BUILD.xml.md,true,false,EVIDENCE_GATE,M6-P1502,04-artifacts/evidence/prompts/M6-P1503.json,,00-spec/CLAUDE_CONTEXT_BRIEF.md;04-artifacts/state/IMPLEMENTATION_TARGET_LOCKED.json;00-spec/slices/M6.2F.md;00-spec/registers/SMOKE_REGISTER.md;04-artifacts/evidence/prompts/M6-P1502.json,04-artifacts/evidence/prompts/M6-P1503.json;04-artifacts/impl/M6.2F/tests/TEST_MANIFEST.md,TODO,,2026-09-07T22:39:39,0
M6-P1504,130,TESTER,m6-tester,SLICE_M6.2F,M6.2F,M6_2F_TESTER_RUN,00-spec/prompts/0130_M6-P1504_M6_2F_TESTER_RUN.xml.md,true,false,EVIDENCE_GATE,M6-P1503,04-artifacts/evidence/prompts/M6-P1504.json,,00-spec/CLAUDE_CONTEXT_BRIEF.md;04-artifacts/state/IMPLEMENTATION_TARGET_LOCKED.json;04-artifacts/impl/M6.2F/tests/TEST_MANIFEST.md;04-artifacts/evidence/prompts/M6-P1503.json,04-artifacts/evidence/prompts/M6-P1504.json;04-artifacts/test-reports/M6.2F/SMOKE_RESULTS.md,TODO,,2026-09-07T22:39:39,0
M6-P1505,131,BOUNDARY_ADVERSARY,m6-boundary-adversary,SLICE_M6.2F,M6.2F,M6_2F_BOUNDARY_ADVERSARY,00-spec/prompts/0131_M6-P1505_M6_2F_BOUNDARY_ADVERSARY.xml.md,true,false,EVIDENCE_GATE,M6-P1504,04-artifacts/evidence/prompts/M6-P1505.json,,00-spec/CLAUDE_CONTEXT_BRIEF.md;00-spec/slices/M6.2F.md;04-artifacts/test-reports/M6.2F/SMOKE_RESULTS.md;04-artifacts/evidence/prompts/M6-P1504.json,04-artifacts/evidence/prompts/M6-P1505.json;04-artifacts/boundary-reports/M6.2F_boundary.md,TODO,,2026-09-07T22:39:39,0
M6-P1506,132,SECURITY_PII,m6-security-pii,SLICE_M6.2F,M6.2F,M6_2F_SECURITY_REVIEW,00-spec/prompts/0132_M6-P1506_M6_2F_SECURITY_REVIEW.xml.md,true,false,EVIDENCE_GATE,M6-P1505,04-artifacts/evidence/prompts/M6-P1506.json,,00-spec/CLAUDE_CONTEXT_BRIEF.md;00-spec/slices/M6.2F.md;04-artifacts/boundary-reports/M6.2F_boundary.md;04-artifacts/evidence/prompts/M6-P1505.json,04-artifacts/evidence/prompts/M6-P1506.json;04-artifacts/security-reports/M6.2F_security.md,TODO,,2026-09-07T22:39:39,0
M6-P1507,133,PM_ORCHESTRATOR,m6-pm-orchestrator,SLICE_M6.2F,M6.2F,M6_2F_EVIDENCE_COLLECT,00-spec/prompts/0133_M6-P1507_M6_2F_EVIDENCE_COLLECT.xml.md,true,false,EVIDENCE_GATE,M6-P1506,04-artifacts/evidence/prompts/M6-P1507.json,,00-spec/CLAUDE_CONTEXT_BRIEF.md;00-spec/slices/M6.2F.md;04-artifacts/evidence/prompts/M6-P1500.json;04-artifacts/evidence/prompts/M6-P1501.json;04-artifacts/evidence/prompts/M6-P1502.json;04-artifacts/evidence/prompts/M6-P1503.json;04-artifacts/evidence/prompts/M6-P1504.json;04-artifacts/evidence/prompts/M6-P1505.json;04-artifacts/evidence/prompts/M6-P1506.json,04-artifacts/evidence/prompts/M6-P1507.json;04-artifacts/evidence/prompts/M6_2F_EVIDENCE_INDEX.md,TODO,,2026-09-07T22:39:39,0
M6-P1508,134,ANALYST_ARCHITECT,m6-analyst-architect,SLICE_M6.2F,M6.2F,M6_2F_DOCS,00-spec/prompts/0134_M6-P1508_M6_2F_DOCS.xml.md,true,false,EVIDENCE_GATE,M6-P1507,04-artifacts/evidence/prompts/M6-P1508.json,,00-spec/CLAUDE_CONTEXT_BRIEF.md;00-spec/slices/M6.2F.md;04-artifacts/evidence/prompts/M6-P1507.json,04-artifacts/evidence/prompts/M6-P1508.json;04-artifacts/analysis/slices/M6_2F_RUNBOOK.md,TODO,,2026-09-07T22:39:39,0
M6-P1509,135,JUDGE,m6-judge,SLICE_M6.2F,M6.2F,M6_2F_SLICE_GATE_JUDGE,00-spec/prompts/0135_M6-P1509_M6_2F_SLICE_GATE_JUDGE.xml.md,true,true,JUDGE_GATE,M6-P1508,04-artifacts/evidence/prompts/M6-P1509.json,04-artifacts/evidence/judge/M6-P1509_JUDGE_FINAL_SIGN_OFF.json,00-spec/CLAUDE_CONTEXT_BRIEF.md;00-spec/slices/M6.2F.md;04-artifacts/evidence/prompts/M6-P1500.json;04-artifacts/evidence/prompts/M6-P1501.json;04-artifacts/evidence/prompts/M6-P1502.json;04-artifacts/evidence/prompts/M6-P1503.json;04-artifacts/evidence/prompts/M6-P1504.json;04-artifacts/evidence/prompts/M6-P1505.json;04-artifacts/evidence/prompts/M6-P1506.json;04-artifacts/evidence/prompts/M6-P1507.json;04-artifacts/evidence/prompts/M6-P1508.json,04-artifacts/evidence/prompts/M6-P1509.json;04-artifacts/evidence/judge/M6-P1509_JUDGE_FINAL_SIGN_OFF.json,TODO,,2026-09-07T22:39:39,0
M6-P1600,136,JUDGE,m6-judge,SLICE_M6.2G,M6.2G,M6_2G_ENTRY_GATE_JUDGE,00-spec/prompts/0136_M6-P1600_M6_2G_ENTRY_GATE_JUDGE.xml.md,true,true,JUDGE_GATE,M6-P1509,04-artifacts/evidence/prompts/M6-P1600.json,04-artifacts/evidence/judge/M6-P1600_JUDGE_FINAL_SIGN_OFF.json,00-spec/CLAUDE_CONTEXT_BRIEF.md;04-artifacts/state/IMPLEMENTATION_TARGET_LOCKED.json;00-spec/slices/M6.2G.md;00-spec/registers/CONTRACT_REGISTER.md;00-spec/registers/ENTRY_EVIDENCE_REGISTER.md;04-artifacts/evidence/prompts/M6-P1509.json;04-artifacts/evidence/entry/M6-ENTRY-001.json;04-artifacts/evidence/entry/M6-ENTRY-002.json;04-artifacts/evidence/entry/M6-ENTRY-003.json;04-artifacts/evidence/entry/M6-ENTRY-004.json,04-artifacts/evidence/prompts/M6-P1600.json;04-artifacts/evidence/judge/M6-P1600_JUDGE_FINAL_SIGN_OFF.json,TODO,,2026-09-07T22:39:39,0
M6-P1601,137,CODER,m6-coder,SLICE_M6.2G,M6.2G,M6_2G_CODER_PLAN,00-spec/prompts/0137_M6-P1601_M6_2G_CODER_PLAN.xml.md,true,false,EVIDENCE_GATE,M6-P1600,04-artifacts/evidence/prompts/M6-P1601.json,,00-spec/CLAUDE_CONTEXT_BRIEF.md;04-artifacts/state/IMPLEMENTATION_TARGET_LOCKED.json;00-spec/slices/M6.2G.md;04-artifacts/analysis/design/ARCH_BASELINE.md;04-artifacts/evidence/prompts/M6-P1600.json,04-artifacts/evidence/prompts/M6-P1601.json;04-artifacts/impl/M6.2G/PLAN.md,TODO,,2026-09-07T22:39:39,0
M6-P1602,138,CODER,m6-coder,SLICE_M6.2G,M6.2G,M6_2G_CODER_IMPLEMENT,00-spec/prompts/0138_M6-P1602_M6_2G_CODER_IMPLEMENT.xml.md,true,false,EVIDENCE_GATE,M6-P1601,04-artifacts/evidence/prompts/M6-P1602.json,,00-spec/CLAUDE_CONTEXT_BRIEF.md;04-artifacts/state/IMPLEMENTATION_TARGET_LOCKED.json;00-spec/slices/M6.2G.md;04-artifacts/impl/M6.2G/PLAN.md;04-artifacts/evidence/prompts/M6-P1601.json,04-artifacts/evidence/prompts/M6-P1602.json;04-artifacts/impl/M6.2G/IMPLEMENTATION_NOTES.md,TODO,,2026-09-07T22:39:39,0
M6-P1603,139,TESTER,m6-tester,SLICE_M6.2G,M6.2G,M6_2G_TESTER_BUILD,00-spec/prompts/0139_M6-P1603_M6_2G_TESTER_BUILD.xml.md,true,false,EVIDENCE_GATE,M6-P1602,04-artifacts/evidence/prompts/M6-P1603.json,,00-spec/CLAUDE_CONTEXT_BRIEF.md;04-artifacts/state/IMPLEMENTATION_TARGET_LOCKED.json;00-spec/slices/M6.2G.md;00-spec/registers/SMOKE_REGISTER.md;04-artifacts/evidence/prompts/M6-P1602.json,04-artifacts/evidence/prompts/M6-P1603.json;04-artifacts/impl/M6.2G/tests/TEST_MANIFEST.md,TODO,,2026-09-07T22:39:39,0
M6-P1604,140,TESTER,m6-tester,SLICE_M6.2G,M6.2G,M6_2G_TESTER_RUN,00-spec/prompts/0140_M6-P1604_M6_2G_TESTER_RUN.xml.md,true,false,EVIDENCE_GATE,M6-P1603,04-artifacts/evidence/prompts/M6-P1604.json,,00-spec/CLAUDE_CONTEXT_BRIEF.md;04-artifacts/state/IMPLEMENTATION_TARGET_LOCKED.json;04-artifacts/impl/M6.2G/tests/TEST_MANIFEST.md;04-artifacts/evidence/prompts/M6-P1603.json,04-artifacts/evidence/prompts/M6-P1604.json;04-artifacts/test-reports/M6.2G/SMOKE_RESULTS.md,TODO,,2026-09-07T22:39:39,0
M6-P1605,141,BOUNDARY_ADVERSARY,m6-boundary-adversary,SLICE_M6.2G,M6.2G,M6_2G_BOUNDARY_ADVERSARY,00-spec/prompts/0141_M6-P1605_M6_2G_BOUNDARY_ADVERSARY.xml.md,true,false,EVIDENCE_GATE,M6-P1604,04-artifacts/evidence/prompts/M6-P1605.json,,00-spec/CLAUDE_CONTEXT_BRIEF.md;00-spec/slices/M6.2G.md;04-artifacts/test-reports/M6.2G/SMOKE_RESULTS.md;04-artifacts/evidence/prompts/M6-P1604.json,04-artifacts/evidence/prompts/M6-P1605.json;04-artifacts/boundary-reports/M6.2G_boundary.md,TODO,,2026-09-07T22:39:39,0
M6-P1606,142,SECURITY_PII,m6-security-pii,SLICE_M6.2G,M6.2G,M6_2G_SECURITY_REVIEW,00-spec/prompts/0142_M6-P1606_M6_2G_SECURITY_REVIEW.xml.md,true,false,EVIDENCE_GATE,M6-P1605,04-artifacts/evidence/prompts/M6-P1606.json,,00-spec/CLAUDE_CONTEXT_BRIEF.md;00-spec/slices/M6.2G.md;04-artifacts/boundary-reports/M6.2G_boundary.md;04-artifacts/evidence/prompts/M6-P1605.json,04-artifacts/evidence/prompts/M6-P1606.json;04-artifacts/security-reports/M6.2G_security.md,TODO,,2026-09-07T22:39:39,0
M6-P1607,143,PM_ORCHESTRATOR,m6-pm-orchestrator,SLICE_M6.2G,M6.2G,M6_2G_EVIDENCE_COLLECT,00-spec/prompts/0143_M6-P1607_M6_2G_EVIDENCE_COLLECT.xml.md,true,false,EVIDENCE_GATE,M6-P1606,04-artifacts/evidence/prompts/M6-P1607.json,,00-spec/CLAUDE_CONTEXT_BRIEF.md;00-spec/slices/M6.2G.md;04-artifacts/evidence/prompts/M6-P1600.json;04-artifacts/evidence/prompts/M6-P1601.json;04-artifacts/evidence/prompts/M6-P1602.json;04-artifacts/evidence/prompts/M6-P1603.json;04-artifacts/evidence/prompts/M6-P1604.json;04-artifacts/evidence/prompts/M6-P1605.json;04-artifacts/evidence/prompts/M6-P1606.json,04-artifacts/evidence/prompts/M6-P1607.json;04-artifacts/evidence/prompts/M6_2G_EVIDENCE_INDEX.md,TODO,,2026-09-07T22:39:39,0
M6-P1608,144,ANALYST_ARCHITECT,m6-analyst-architect,SLICE_M6.2G,M6.2G,M6_2G_DOCS,00-spec/prompts/0144_M6-P1608_M6_2G_DOCS.xml.md,true,false,EVIDENCE_GATE,M6-P1607,04-artifacts/evidence/prompts/M6-P1608.json,,00-spec/CLAUDE_CONTEXT_BRIEF.md;00-spec/slices/M6.2G.md;04-artifacts/evidence/prompts/M6-P1607.json,04-artifacts/evidence/prompts/M6-P1608.json;04-artifacts/analysis/slices/M6_2G_RUNBOOK.md,TODO,,2026-09-07T22:39:39,0
M6-P1609,145,JUDGE,m6-judge,SLICE_M6.2G,M6.2G,M6_2G_SLICE_GATE_JUDGE,00-spec/prompts/0145_M6-P1609_M6_2G_SLICE_GATE_JUDGE.xml.md,true,true,JUDGE_GATE,M6-P1608,04-artifacts/evidence/prompts/M6-P1609.json,04-artifacts/evidence/judge/M6-P1609_JUDGE_FINAL_SIGN_OFF.json,00-spec/CLAUDE_CONTEXT_BRIEF.md;00-spec/slices/M6.2G.md;04-artifacts/evidence/prompts/M6-P1600.json;04-artifacts/evidence/prompts/M6-P1601.json;04-artifacts/evidence/prompts/M6-P1602.json;04-artifacts/evidence/prompts/M6-P1603.json;04-artifacts/evidence/prompts/M6-P1604.json;04-artifacts/evidence/prompts/M6-P1605.json;04-artifacts/evidence/prompts/M6-P1606.json;04-artifacts/evidence/prompts/M6-P1607.json;04-artifacts/evidence/prompts/M6-P1608.json,04-artifacts/evidence/prompts/M6-P1609.json;04-artifacts/evidence/judge/M6-P1609_JUDGE_FINAL_SIGN_OFF.json,TODO,,2026-09-07T22:39:39,0
M6-P1700,146,JUDGE,m6-judge,SLICE_M6.2H,M6.2H,M6_2H_ENTRY_GATE_JUDGE,00-spec/prompts/0146_M6-P1700_M6_2H_ENTRY_GATE_JUDGE.xml.md,true,true,JUDGE_GATE,M6-P1609,04-artifacts/evidence/prompts/M6-P1700.json,04-artifacts/evidence/judge/M6-P1700_JUDGE_FINAL_SIGN_OFF.json,00-spec/CLAUDE_CONTEXT_BRIEF.md;04-artifacts/state/IMPLEMENTATION_TARGET_LOCKED.json;00-spec/slices/M6.2H.md;00-spec/registers/CONTRACT_REGISTER.md;00-spec/registers/ENTRY_EVIDENCE_REGISTER.md;04-artifacts/evidence/prompts/M6-P1609.json,04-artifacts/evidence/prompts/M6-P1700.json;04-artifacts/evidence/judge/M6-P1700_JUDGE_FINAL_SIGN_OFF.json,TODO,,2026-09-07T22:39:39,0
M6-P1701,147,CODER,m6-coder,SLICE_M6.2H,M6.2H,M6_2H_CODER_PLAN,00-spec/prompts/0147_M6-P1701_M6_2H_CODER_PLAN.xml.md,true,false,EVIDENCE_GATE,M6-P1700,04-artifacts/evidence/prompts/M6-P1701.json,,00-spec/CLAUDE_CONTEXT_BRIEF.md;04-artifacts/state/IMPLEMENTATION_TARGET_LOCKED.json;00-spec/slices/M6.2H.md;04-artifacts/analysis/design/ARCH_BASELINE.md;04-artifacts/evidence/prompts/M6-P1700.json,04-artifacts/evidence/prompts/M6-P1701.json;04-artifacts/impl/M6.2H/PLAN.md,TODO,,2026-09-07T22:39:39,0
M6-P1702,148,CODER,m6-coder,SLICE_M6.2H,M6.2H,M6_2H_CODER_IMPLEMENT,00-spec/prompts/0148_M6-P1702_M6_2H_CODER_IMPLEMENT.xml.md,true,false,EVIDENCE_GATE,M6-P1701,04-artifacts/evidence/prompts/M6-P1702.json,,00-spec/CLAUDE_CONTEXT_BRIEF.md;04-artifacts/state/IMPLEMENTATION_TARGET_LOCKED.json;00-spec/slices/M6.2H.md;04-artifacts/impl/M6.2H/PLAN.md;04-artifacts/evidence/prompts/M6-P1701.json,04-artifacts/evidence/prompts/M6-P1702.json;04-artifacts/impl/M6.2H/IMPLEMENTATION_NOTES.md,TODO,,2026-09-07T22:39:39,0
M6-P1703,149,TESTER,m6-tester,SLICE_M6.2H,M6.2H,M6_2H_TESTER_BUILD,00-spec/prompts/0149_M6-P1703_M6_2H_TESTER_BUILD.xml.md,true,false,EVIDENCE_GATE,M6-P1702,04-artifacts/evidence/prompts/M6-P1703.json,,00-spec/CLAUDE_CONTEXT_BRIEF.md;04-artifacts/state/IMPLEMENTATION_TARGET_LOCKED.json;00-spec/slices/M6.2H.md;00-spec/registers/SMOKE_REGISTER.md;04-artifacts/evidence/prompts/M6-P1702.json,04-artifacts/evidence/prompts/M6-P1703.json;04-artifacts/impl/M6.2H/tests/TEST_MANIFEST.md,TODO,,2026-09-07T22:39:39,0
M6-P1704,150,TESTER,m6-tester,SLICE_M6.2H,M6.2H,M6_2H_TESTER_RUN,00-spec/prompts/0150_M6-P1704_M6_2H_TESTER_RUN.xml.md,true,false,EVIDENCE_GATE,M6-P1703,04-artifacts/evidence/prompts/M6-P1704.json,,00-spec/CLAUDE_CONTEXT_BRIEF.md;04-artifacts/state/IMPLEMENTATION_TARGET_LOCKED.json;04-artifacts/impl/M6.2H/tests/TEST_MANIFEST.md;04-artifacts/evidence/prompts/M6-P1703.json,04-artifacts/evidence/prompts/M6-P1704.json;04-artifacts/test-reports/M6.2H/SMOKE_RESULTS.md,TODO,,2026-09-07T22:39:39,0
M6-P1705,151,BOUNDARY_ADVERSARY,m6-boundary-adversary,SLICE_M6.2H,M6.2H,M6_2H_BOUNDARY_ADVERSARY,00-spec/prompts/0151_M6-P1705_M6_2H_BOUNDARY_ADVERSARY.xml.md,true,false,EVIDENCE_GATE,M6-P1704,04-artifacts/evidence/prompts/M6-P1705.json,,00-spec/CLAUDE_CONTEXT_BRIEF.md;00-spec/slices/M6.2H.md;04-artifacts/test-reports/M6.2H/SMOKE_RESULTS.md;04-artifacts/evidence/prompts/M6-P1704.json,04-artifacts/evidence/prompts/M6-P1705.json;04-artifacts/boundary-reports/M6.2H_boundary.md,TODO,,2026-09-07T22:39:39,0
M6-P1706,152,SECURITY_PII,m6-security-pii,SLICE_M6.2H,M6.2H,M6_2H_SECURITY_REVIEW,00-spec/prompts/0152_M6-P1706_M6_2H_SECURITY_REVIEW.xml.md,true,false,EVIDENCE_GATE,M6-P1705,04-artifacts/evidence/prompts/M6-P1706.json,,00-spec/CLAUDE_CONTEXT_BRIEF.md;00-spec/slices/M6.2H.md;04-artifacts/boundary-reports/M6.2H_boundary.md;04-artifacts/evidence/prompts/M6-P1705.json,04-artifacts/evidence/prompts/M6-P1706.json;04-artifacts/security-reports/M6.2H_security.md,TODO,,2026-09-07T22:39:39,0
M6-P1707,153,PM_ORCHESTRATOR,m6-pm-orchestrator,SLICE_M6.2H,M6.2H,M6_2H_EVIDENCE_COLLECT,00-spec/prompts/0153_M6-P1707_M6_2H_EVIDENCE_COLLECT.xml.md,true,false,EVIDENCE_GATE,M6-P1706,04-artifacts/evidence/prompts/M6-P1707.json,,00-spec/CLAUDE_CONTEXT_BRIEF.md;00-spec/slices/M6.2H.md;04-artifacts/evidence/prompts/M6-P1700.json;04-artifacts/evidence/prompts/M6-P1701.json;04-artifacts/evidence/prompts/M6-P1702.json;04-artifacts/evidence/prompts/M6-P1703.json;04-artifacts/evidence/prompts/M6-P1704.json;04-artifacts/evidence/prompts/M6-P1705.json;04-artifacts/evidence/prompts/M6-P1706.json,04-artifacts/evidence/prompts/M6-P1707.json;04-artifacts/evidence/prompts/M6_2H_EVIDENCE_INDEX.md,TODO,,2026-09-07T22:39:39,0
M6-P1708,154,ANALYST_ARCHITECT,m6-analyst-architect,SLICE_M6.2H,M6.2H,M6_2H_DOCS,00-spec/prompts/0154_M6-P1708_M6_2H_DOCS.xml.md,true,false,EVIDENCE_GATE,M6-P1707,04-artifacts/evidence/prompts/M6-P1708.json,,00-spec/CLAUDE_CONTEXT_BRIEF.md;00-spec/slices/M6.2H.md;04-artifacts/evidence/prompts/M6-P1707.json,04-artifacts/evidence/prompts/M6-P1708.json;04-artifacts/analysis/slices/M6_2H_RUNBOOK.md,TODO,,2026-09-07T22:39:39,0
M6-P1709,155,JUDGE,m6-judge,SLICE_M6.2H,M6.2H,M6_2H_SLICE_GATE_JUDGE,00-spec/prompts/0155_M6-P1709_M6_2H_SLICE_GATE_JUDGE.xml.md,true,true,JUDGE_GATE,M6-P1708,04-artifacts/evidence/prompts/M6-P1709.json,04-artifacts/evidence/judge/M6-P1709_JUDGE_FINAL_SIGN_OFF.json,00-spec/CLAUDE_CONTEXT_BRIEF.md;00-spec/slices/M6.2H.md;04-artifacts/evidence/prompts/M6-P1700.json;04-artifacts/evidence/prompts/M6-P1701.json;04-artifacts/evidence/prompts/M6-P1702.json;04-artifacts/evidence/prompts/M6-P1703.json;04-artifacts/evidence/prompts/M6-P1704.json;04-artifacts/evidence/prompts/M6-P1705.json;04-artifacts/evidence/prompts/M6-P1706.json;04-artifacts/evidence/prompts/M6-P1707.json;04-artifacts/evidence/prompts/M6-P1708.json,04-artifacts/evidence/prompts/M6-P1709.json;04-artifacts/evidence/judge/M6-P1709_JUDGE_FINAL_SIGN_OFF.json,TODO,,2026-09-07T22:39:39,0
M6-P1800,156,JUDGE,m6-judge,SLICE_M6.2I,M6.2I,M6_2I_ENTRY_GATE_JUDGE,00-spec/prompts/0156_M6-P1800_M6_2I_ENTRY_GATE_JUDGE.xml.md,true,true,JUDGE_GATE,M6-P1709,04-artifacts/evidence/prompts/M6-P1800.json,04-artifacts/evidence/judge/M6-P1800_JUDGE_FINAL_SIGN_OFF.json,00-spec/CLAUDE_CONTEXT_BRIEF.md;04-artifacts/state/IMPLEMENTATION_TARGET_LOCKED.json;00-spec/slices/M6.2I.md;00-spec/registers/CONTRACT_REGISTER.md;00-spec/registers/ENTRY_EVIDENCE_REGISTER.md;04-artifacts/evidence/prompts/M6-P1709.json;04-artifacts/evidence/entry/M6-ENTRY-002.json,04-artifacts/evidence/prompts/M6-P1800.json;04-artifacts/evidence/judge/M6-P1800_JUDGE_FINAL_SIGN_OFF.json,TODO,,2026-09-07T22:39:39,0
M6-P1801,157,CODER,m6-coder,SLICE_M6.2I,M6.2I,M6_2I_CODER_PLAN,00-spec/prompts/0157_M6-P1801_M6_2I_CODER_PLAN.xml.md,true,false,EVIDENCE_GATE,M6-P1800,04-artifacts/evidence/prompts/M6-P1801.json,,00-spec/CLAUDE_CONTEXT_BRIEF.md;04-artifacts/state/IMPLEMENTATION_TARGET_LOCKED.json;00-spec/slices/M6.2I.md;04-artifacts/analysis/design/ARCH_BASELINE.md;04-artifacts/evidence/prompts/M6-P1800.json,04-artifacts/evidence/prompts/M6-P1801.json;04-artifacts/impl/M6.2I/PLAN.md,TODO,,2026-09-07T22:39:39,0
M6-P1802,158,CODER,m6-coder,SLICE_M6.2I,M6.2I,M6_2I_CODER_IMPLEMENT,00-spec/prompts/0158_M6-P1802_M6_2I_CODER_IMPLEMENT.xml.md,true,false,EVIDENCE_GATE,M6-P1801,04-artifacts/evidence/prompts/M6-P1802.json,,00-spec/CLAUDE_CONTEXT_BRIEF.md;04-artifacts/state/IMPLEMENTATION_TARGET_LOCKED.json;00-spec/slices/M6.2I.md;04-artifacts/impl/M6.2I/PLAN.md;04-artifacts/evidence/prompts/M6-P1801.json,04-artifacts/evidence/prompts/M6-P1802.json;04-artifacts/impl/M6.2I/IMPLEMENTATION_NOTES.md,TODO,,2026-09-07T22:39:39,0
M6-P1803,159,TESTER,m6-tester,SLICE_M6.2I,M6.2I,M6_2I_TESTER_BUILD,00-spec/prompts/0159_M6-P1803_M6_2I_TESTER_BUILD.xml.md,true,false,EVIDENCE_GATE,M6-P1802,04-artifacts/evidence/prompts/M6-P1803.json,,00-spec/CLAUDE_CONTEXT_BRIEF.md;04-artifacts/state/IMPLEMENTATION_TARGET_LOCKED.json;00-spec/slices/M6.2I.md;00-spec/registers/SMOKE_REGISTER.md;04-artifacts/evidence/prompts/M6-P1802.json,04-artifacts/evidence/prompts/M6-P1803.json;04-artifacts/impl/M6.2I/tests/TEST_MANIFEST.md,TODO,,2026-09-07T22:39:39,0
M6-P1804,160,TESTER,m6-tester,SLICE_M6.2I,M6.2I,M6_2I_TESTER_RUN,00-spec/prompts/0160_M6-P1804_M6_2I_TESTER_RUN.xml.md,true,false,EVIDENCE_GATE,M6-P1803,04-artifacts/evidence/prompts/M6-P1804.json,,00-spec/CLAUDE_CONTEXT_BRIEF.md;04-artifacts/state/IMPLEMENTATION_TARGET_LOCKED.json;04-artifacts/impl/M6.2I/tests/TEST_MANIFEST.md;04-artifacts/evidence/prompts/M6-P1803.json,04-artifacts/evidence/prompts/M6-P1804.json;04-artifacts/test-reports/M6.2I/SMOKE_RESULTS.md,TODO,,2026-09-07T22:39:39,0
M6-P1805,161,BOUNDARY_ADVERSARY,m6-boundary-adversary,SLICE_M6.2I,M6.2I,M6_2I_BOUNDARY_ADVERSARY,00-spec/prompts/0161_M6-P1805_M6_2I_BOUNDARY_ADVERSARY.xml.md,true,false,EVIDENCE_GATE,M6-P1804,04-artifacts/evidence/prompts/M6-P1805.json,,00-spec/CLAUDE_CONTEXT_BRIEF.md;00-spec/slices/M6.2I.md;04-artifacts/test-reports/M6.2I/SMOKE_RESULTS.md;04-artifacts/evidence/prompts/M6-P1804.json,04-artifacts/evidence/prompts/M6-P1805.json;04-artifacts/boundary-reports/M6.2I_boundary.md,TODO,,2026-09-07T22:39:39,0
M6-P1806,162,SECURITY_PII,m6-security-pii,SLICE_M6.2I,M6.2I,M6_2I_SECURITY_REVIEW,00-spec/prompts/0162_M6-P1806_M6_2I_SECURITY_REVIEW.xml.md,true,false,EVIDENCE_GATE,M6-P1805,04-artifacts/evidence/prompts/M6-P1806.json,,00-spec/CLAUDE_CONTEXT_BRIEF.md;00-spec/slices/M6.2I.md;04-artifacts/boundary-reports/M6.2I_boundary.md;04-artifacts/evidence/prompts/M6-P1805.json,04-artifacts/evidence/prompts/M6-P1806.json;04-artifacts/security-reports/M6.2I_security.md,TODO,,2026-09-07T22:39:39,0
M6-P1807,163,PM_ORCHESTRATOR,m6-pm-orchestrator,SLICE_M6.2I,M6.2I,M6_2I_EVIDENCE_COLLECT,00-spec/prompts/0163_M6-P1807_M6_2I_EVIDENCE_COLLECT.xml.md,true,false,EVIDENCE_GATE,M6-P1806,04-artifacts/evidence/prompts/M6-P1807.json,,00-spec/CLAUDE_CONTEXT_BRIEF.md;00-spec/slices/M6.2I.md;04-artifacts/evidence/prompts/M6-P1800.json;04-artifacts/evidence/prompts/M6-P1801.json;04-artifacts/evidence/prompts/M6-P1802.json;04-artifacts/evidence/prompts/M6-P1803.json;04-artifacts/evidence/prompts/M6-P1804.json;04-artifacts/evidence/prompts/M6-P1805.json;04-artifacts/evidence/prompts/M6-P1806.json,04-artifacts/evidence/prompts/M6-P1807.json;04-artifacts/evidence/prompts/M6_2I_EVIDENCE_INDEX.md,TODO,,2026-09-07T22:39:39,0
M6-P1808,164,ANALYST_ARCHITECT,m6-analyst-architect,SLICE_M6.2I,M6.2I,M6_2I_DOCS,00-spec/prompts/0164_M6-P1808_M6_2I_DOCS.xml.md,true,false,EVIDENCE_GATE,M6-P1807,04-artifacts/evidence/prompts/M6-P1808.json,,00-spec/CLAUDE_CONTEXT_BRIEF.md;00-spec/slices/M6.2I.md;04-artifacts/evidence/prompts/M6-P1807.json,04-artifacts/evidence/prompts/M6-P1808.json;04-artifacts/analysis/slices/M6_2I_RUNBOOK.md,TODO,,2026-09-07T22:39:39,0
M6-P1809,165,JUDGE,m6-judge,SLICE_M6.2I,M6.2I,M6_2I_SLICE_GATE_JUDGE,00-spec/prompts/0165_M6-P1809_M6_2I_SLICE_GATE_JUDGE.xml.md,true,true,JUDGE_GATE,M6-P1808,04-artifacts/evidence/prompts/M6-P1809.json,04-artifacts/evidence/judge/M6-P1809_JUDGE_FINAL_SIGN_OFF.json,00-spec/CLAUDE_CONTEXT_BRIEF.md;00-spec/slices/M6.2I.md;04-artifacts/evidence/prompts/M6-P1800.json;04-artifacts/evidence/prompts/M6-P1801.json;04-artifacts/evidence/prompts/M6-P1802.json;04-artifacts/evidence/prompts/M6-P1803.json;04-artifacts/evidence/prompts/M6-P1804.json;04-artifacts/evidence/prompts/M6-P1805.json;04-artifacts/evidence/prompts/M6-P1806.json;04-artifacts/evidence/prompts/M6-P1807.json;04-artifacts/evidence/prompts/M6-P1808.json,04-artifacts/evidence/prompts/M6-P1809.json;04-artifacts/evidence/judge/M6-P1809_JUDGE_FINAL_SIGN_OFF.json,TODO,,2026-09-07T22:39:39,0
M6-P1900,166,JUDGE,m6-judge,SLICE_M6.2J,M6.2J,M6_2J_ENTRY_GATE_JUDGE,00-spec/prompts/0166_M6-P1900_M6_2J_ENTRY_GATE_JUDGE.xml.md,true,true,JUDGE_GATE,M6-P1809,04-artifacts/evidence/prompts/M6-P1900.json,04-artifacts/evidence/judge/M6-P1900_JUDGE_FINAL_SIGN_OFF.json,00-spec/CLAUDE_CONTEXT_BRIEF.md;04-artifacts/state/IMPLEMENTATION_TARGET_LOCKED.json;00-spec/slices/M6.2J.md;00-spec/registers/CONTRACT_REGISTER.md;00-spec/registers/ENTRY_EVIDENCE_REGISTER.md;04-artifacts/evidence/prompts/M6-P1809.json,04-artifacts/evidence/prompts/M6-P1900.json;04-artifacts/evidence/judge/M6-P1900_JUDGE_FINAL_SIGN_OFF.json,TODO,,2026-09-07T22:39:39,0
M6-P1901,167,CODER,m6-coder,SLICE_M6.2J,M6.2J,M6_2J_CODER_PLAN,00-spec/prompts/0167_M6-P1901_M6_2J_CODER_PLAN.xml.md,true,false,EVIDENCE_GATE,M6-P1900,04-artifacts/evidence/prompts/M6-P1901.json,,00-spec/CLAUDE_CONTEXT_BRIEF.md;04-artifacts/state/IMPLEMENTATION_TARGET_LOCKED.json;00-spec/slices/M6.2J.md;04-artifacts/analysis/design/ARCH_BASELINE.md;04-artifacts/evidence/prompts/M6-P1900.json,04-artifacts/evidence/prompts/M6-P1901.json;04-artifacts/impl/M6.2J/PLAN.md,TODO,,2026-09-07T22:39:39,0
M6-P1902,168,CODER,m6-coder,SLICE_M6.2J,M6.2J,M6_2J_CODER_IMPLEMENT,00-spec/prompts/0168_M6-P1902_M6_2J_CODER_IMPLEMENT.xml.md,true,false,EVIDENCE_GATE,M6-P1901,04-artifacts/evidence/prompts/M6-P1902.json,,00-spec/CLAUDE_CONTEXT_BRIEF.md;04-artifacts/state/IMPLEMENTATION_TARGET_LOCKED.json;00-spec/slices/M6.2J.md;04-artifacts/impl/M6.2J/PLAN.md;04-artifacts/evidence/prompts/M6-P1901.json,04-artifacts/evidence/prompts/M6-P1902.json;04-artifacts/impl/M6.2J/IMPLEMENTATION_NOTES.md,TODO,,2026-09-07T22:39:39,0
M6-P1903,169,TESTER,m6-tester,SLICE_M6.2J,M6.2J,M6_2J_TESTER_BUILD,00-spec/prompts/0169_M6-P1903_M6_2J_TESTER_BUILD.xml.md,true,false,EVIDENCE_GATE,M6-P1902,04-artifacts/evidence/prompts/M6-P1903.json,,00-spec/CLAUDE_CONTEXT_BRIEF.md;04-artifacts/state/IMPLEMENTATION_TARGET_LOCKED.json;00-spec/slices/M6.2J.md;00-spec/registers/SMOKE_REGISTER.md;04-artifacts/evidence/prompts/M6-P1902.json,04-artifacts/evidence/prompts/M6-P1903.json;04-artifacts/impl/M6.2J/tests/TEST_MANIFEST.md,TODO,,2026-09-07T22:39:39,0
M6-P1904,170,TESTER,m6-tester,SLICE_M6.2J,M6.2J,M6_2J_TESTER_RUN,00-spec/prompts/0170_M6-P1904_M6_2J_TESTER_RUN.xml.md,true,false,EVIDENCE_GATE,M6-P1903,04-artifacts/evidence/prompts/M6-P1904.json,,00-spec/CLAUDE_CONTEXT_BRIEF.md;04-artifacts/state/IMPLEMENTATION_TARGET_LOCKED.json;04-artifacts/impl/M6.2J/tests/TEST_MANIFEST.md;04-artifacts/evidence/prompts/M6-P1903.json,04-artifacts/evidence/prompts/M6-P1904.json;04-artifacts/test-reports/M6.2J/SMOKE_RESULTS.md,TODO,,2026-09-07T22:39:39,0
M6-P1905,171,BOUNDARY_ADVERSARY,m6-boundary-adversary,SLICE_M6.2J,M6.2J,M6_2J_BOUNDARY_ADVERSARY,00-spec/prompts/0171_M6-P1905_M6_2J_BOUNDARY_ADVERSARY.xml.md,true,false,EVIDENCE_GATE,M6-P1904,04-artifacts/evidence/prompts/M6-P1905.json,,00-spec/CLAUDE_CONTEXT_BRIEF.md;00-spec/slices/M6.2J.md;04-artifacts/test-reports/M6.2J/SMOKE_RESULTS.md;04-artifacts/evidence/prompts/M6-P1904.json,04-artifacts/evidence/prompts/M6-P1905.json;04-artifacts/boundary-reports/M6.2J_boundary.md,TODO,,2026-09-07T22:39:39,0
M6-P1906,172,SECURITY_PII,m6-security-pii,SLICE_M6.2J,M6.2J,M6_2J_SECURITY_REVIEW,00-spec/prompts/0172_M6-P1906_M6_2J_SECURITY_REVIEW.xml.md,true,false,EVIDENCE_GATE,M6-P1905,04-artifacts/evidence/prompts/M6-P1906.json,,00-spec/CLAUDE_CONTEXT_BRIEF.md;00-spec/slices/M6.2J.md;04-artifacts/boundary-reports/M6.2J_boundary.md;04-artifacts/evidence/prompts/M6-P1905.json,04-artifacts/evidence/prompts/M6-P1906.json;04-artifacts/security-reports/M6.2J_security.md,TODO,,2026-09-07T22:39:39,0
M6-P1907,173,PM_ORCHESTRATOR,m6-pm-orchestrator,SLICE_M6.2J,M6.2J,M6_2J_EVIDENCE_COLLECT,00-spec/prompts/0173_M6-P1907_M6_2J_EVIDENCE_COLLECT.xml.md,true,false,EVIDENCE_GATE,M6-P1906,04-artifacts/evidence/prompts/M6-P1907.json,,00-spec/CLAUDE_CONTEXT_BRIEF.md;00-spec/slices/M6.2J.md;04-artifacts/evidence/prompts/M6-P1900.json;04-artifacts/evidence/prompts/M6-P1901.json;04-artifacts/evidence/prompts/M6-P1902.json;04-artifacts/evidence/prompts/M6-P1903.json;04-artifacts/evidence/prompts/M6-P1904.json;04-artifacts/evidence/prompts/M6-P1905.json;04-artifacts/evidence/prompts/M6-P1906.json,04-artifacts/evidence/prompts/M6-P1907.json;04-artifacts/evidence/prompts/M6_2J_EVIDENCE_INDEX.md,TODO,,2026-09-07T22:39:39,0
M6-P1908,174,ANALYST_ARCHITECT,m6-analyst-architect,SLICE_M6.2J,M6.2J,M6_2J_DOCS,00-spec/prompts/0174_M6-P1908_M6_2J_DOCS.xml.md,true,false,EVIDENCE_GATE,M6-P1907,04-artifacts/evidence/prompts/M6-P1908.json,,00-spec/CLAUDE_CONTEXT_BRIEF.md;00-spec/slices/M6.2J.md;04-artifacts/evidence/prompts/M6-P1907.json,04-artifacts/evidence/prompts/M6-P1908.json;04-artifacts/analysis/slices/M6_2J_RUNBOOK.md,TODO,,2026-09-07T22:39:39,0
M6-P1909,175,JUDGE,m6-judge,SLICE_M6.2J,M6.2J,M6_2J_SLICE_GATE_JUDGE,00-spec/prompts/0175_M6-P1909_M6_2J_SLICE_GATE_JUDGE.xml.md,true,true,JUDGE_GATE,M6-P1908,04-artifacts/evidence/prompts/M6-P1909.json,04-artifacts/evidence/judge/M6-P1909_JUDGE_FINAL_SIGN_OFF.json,00-spec/CLAUDE_CONTEXT_BRIEF.md;00-spec/slices/M6.2J.md;04-artifacts/evidence/prompts/M6-P1900.json;04-artifacts/evidence/prompts/M6-P1901.json;04-artifacts/evidence/prompts/M6-P1902.json;04-artifacts/evidence/prompts/M6-P1903.json;04-artifacts/evidence/prompts/M6-P1904.json;04-artifacts/evidence/prompts/M6-P1905.json;04-artifacts/evidence/prompts/M6-P1906.json;04-artifacts/evidence/prompts/M6-P1907.json;04-artifacts/evidence/prompts/M6-P1908.json,04-artifacts/evidence/prompts/M6-P1909.json;04-artifacts/evidence/judge/M6-P1909_JUDGE_FINAL_SIGN_OFF.json,TODO,,2026-09-07T22:39:39,0
M6-P2000,176,JUDGE,m6-judge,SLICE_M6.2K,M6.2K,M6_2K_ENTRY_GATE_JUDGE,00-spec/prompts/0176_M6-P2000_M6_2K_ENTRY_GATE_JUDGE.xml.md,true,true,JUDGE_GATE,M6-P1909,04-artifacts/evidence/prompts/M6-P2000.json,04-artifacts/evidence/judge/M6-P2000_JUDGE_FINAL_SIGN_OFF.json,00-spec/CLAUDE_CONTEXT_BRIEF.md;04-artifacts/state/IMPLEMENTATION_TARGET_LOCKED.json;00-spec/slices/M6.2K.md;00-spec/registers/CONTRACT_REGISTER.md;00-spec/registers/ENTRY_EVIDENCE_REGISTER.md;04-artifacts/evidence/prompts/M6-P1909.json,04-artifacts/evidence/prompts/M6-P2000.json;04-artifacts/evidence/judge/M6-P2000_JUDGE_FINAL_SIGN_OFF.json,TODO,,2026-09-07T22:39:39,0
M6-P2001,177,CODER,m6-coder,SLICE_M6.2K,M6.2K,M6_2K_CODER_PLAN,00-spec/prompts/0177_M6-P2001_M6_2K_CODER_PLAN.xml.md,true,false,EVIDENCE_GATE,M6-P2000,04-artifacts/evidence/prompts/M6-P2001.json,,00-spec/CLAUDE_CONTEXT_BRIEF.md;04-artifacts/state/IMPLEMENTATION_TARGET_LOCKED.json;00-spec/slices/M6.2K.md;04-artifacts/analysis/design/ARCH_BASELINE.md;04-artifacts/evidence/prompts/M6-P2000.json,04-artifacts/evidence/prompts/M6-P2001.json;04-artifacts/impl/M6.2K/PLAN.md,TODO,,2026-09-07T22:39:39,0
M6-P2002,178,CODER,m6-coder,SLICE_M6.2K,M6.2K,M6_2K_CODER_IMPLEMENT,00-spec/prompts/0178_M6-P2002_M6_2K_CODER_IMPLEMENT.xml.md,true,false,EVIDENCE_GATE,M6-P2001,04-artifacts/evidence/prompts/M6-P2002.json,,00-spec/CLAUDE_CONTEXT_BRIEF.md;04-artifacts/state/IMPLEMENTATION_TARGET_LOCKED.json;00-spec/slices/M6.2K.md;04-artifacts/impl/M6.2K/PLAN.md;04-artifacts/evidence/prompts/M6-P2001.json,04-artifacts/evidence/prompts/M6-P2002.json;04-artifacts/impl/M6.2K/IMPLEMENTATION_NOTES.md,TODO,,2026-09-07T22:39:39,0
M6-P2003,179,TESTER,m6-tester,SLICE_M6.2K,M6.2K,M6_2K_TESTER_BUILD,00-spec/prompts/0179_M6-P2003_M6_2K_TESTER_BUILD.xml.md,true,false,EVIDENCE_GATE,M6-P2002,04-artifacts/evidence/prompts/M6-P2003.json,,00-spec/CLAUDE_CONTEXT_BRIEF.md;04-artifacts/state/IMPLEMENTATION_TARGET_LOCKED.json;00-spec/slices/M6.2K.md;00-spec/registers/SMOKE_REGISTER.md;04-artifacts/evidence/prompts/M6-P2002.json,04-artifacts/evidence/prompts/M6-P2003.json;04-artifacts/impl/M6.2K/tests/TEST_MANIFEST.md,TODO,,2026-09-07T22:39:39,0
M6-P2004,180,TESTER,m6-tester,SLICE_M6.2K,M6.2K,M6_2K_TESTER_RUN,00-spec/prompts/0180_M6-P2004_M6_2K_TESTER_RUN.xml.md,true,false,EVIDENCE_GATE,M6-P2003,04-artifacts/evidence/prompts/M6-P2004.json,,00-spec/CLAUDE_CONTEXT_BRIEF.md;04-artifacts/state/IMPLEMENTATION_TARGET_LOCKED.json;04-artifacts/impl/M6.2K/tests/TEST_MANIFEST.md;04-artifacts/evidence/prompts/M6-P2003.json,04-artifacts/evidence/prompts/M6-P2004.json;04-artifacts/test-reports/M6.2K/SMOKE_RESULTS.md,TODO,,2026-09-07T22:39:39,0
M6-P2005,181,BOUNDARY_ADVERSARY,m6-boundary-adversary,SLICE_M6.2K,M6.2K,M6_2K_BOUNDARY_ADVERSARY,00-spec/prompts/0181_M6-P2005_M6_2K_BOUNDARY_ADVERSARY.xml.md,true,false,EVIDENCE_GATE,M6-P2004,04-artifacts/evidence/prompts/M6-P2005.json,,00-spec/CLAUDE_CONTEXT_BRIEF.md;00-spec/slices/M6.2K.md;04-artifacts/test-reports/M6.2K/SMOKE_RESULTS.md;04-artifacts/evidence/prompts/M6-P2004.json,04-artifacts/evidence/prompts/M6-P2005.json;04-artifacts/boundary-reports/M6.2K_boundary.md,TODO,,2026-09-07T22:39:39,0
M6-P2006,182,SECURITY_PII,m6-security-pii,SLICE_M6.2K,M6.2K,M6_2K_SECURITY_REVIEW,00-spec/prompts/0182_M6-P2006_M6_2K_SECURITY_REVIEW.xml.md,true,false,EVIDENCE_GATE,M6-P2005,04-artifacts/evidence/prompts/M6-P2006.json,,00-spec/CLAUDE_CONTEXT_BRIEF.md;00-spec/slices/M6.2K.md;04-artifacts/boundary-reports/M6.2K_boundary.md;04-artifacts/evidence/prompts/M6-P2005.json,04-artifacts/evidence/prompts/M6-P2006.json;04-artifacts/security-reports/M6.2K_security.md,TODO,,2026-09-07T22:39:39,0
M6-P2007,183,PM_ORCHESTRATOR,m6-pm-orchestrator,SLICE_M6.2K,M6.2K,M6_2K_EVIDENCE_COLLECT,00-spec/prompts/0183_M6-P2007_M6_2K_EVIDENCE_COLLECT.xml.md,true,false,EVIDENCE_GATE,M6-P2006,04-artifacts/evidence/prompts/M6-P2007.json,,00-spec/CLAUDE_CONTEXT_BRIEF.md;00-spec/slices/M6.2K.md;04-artifacts/evidence/prompts/M6-P2000.json;04-artifacts/evidence/prompts/M6-P2001.json;04-artifacts/evidence/prompts/M6-P2002.json;04-artifacts/evidence/prompts/M6-P2003.json;04-artifacts/evidence/prompts/M6-P2004.json;04-artifacts/evidence/prompts/M6-P2005.json;04-artifacts/evidence/prompts/M6-P2006.json,04-artifacts/evidence/prompts/M6-P2007.json;04-artifacts/evidence/prompts/M6_2K_EVIDENCE_INDEX.md,TODO,,2026-09-07T22:39:39,0
M6-P2008,184,ANALYST_ARCHITECT,m6-analyst-architect,SLICE_M6.2K,M6.2K,M6_2K_DOCS,00-spec/prompts/0184_M6-P2008_M6_2K_DOCS.xml.md,true,false,EVIDENCE_GATE,M6-P2007,04-artifacts/evidence/prompts/M6-P2008.json,,00-spec/CLAUDE_CONTEXT_BRIEF.md;00-spec/slices/M6.2K.md;04-artifacts/evidence/prompts/M6-P2007.json,04-artifacts/evidence/prompts/M6-P2008.json;04-artifacts/analysis/slices/M6_2K_RUNBOOK.md,TODO,,2026-09-07T22:39:39,0
M6-P2009,185,JUDGE,m6-judge,SLICE_M6.2K,M6.2K,M6_2K_SLICE_GATE_JUDGE,00-spec/prompts/0185_M6-P2009_M6_2K_SLICE_GATE_JUDGE.xml.md,true,true,JUDGE_GATE,M6-P2008,04-artifacts/evidence/prompts/M6-P2009.json,04-artifacts/evidence/judge/M6-P2009_JUDGE_FINAL_SIGN_OFF.json,00-spec/CLAUDE_CONTEXT_BRIEF.md;00-spec/slices/M6.2K.md;04-artifacts/evidence/prompts/M6-P2000.json;04-artifacts/evidence/prompts/M6-P2001.json;04-artifacts/evidence/prompts/M6-P2002.json;04-artifacts/evidence/prompts/M6-P2003.json;04-artifacts/evidence/prompts/M6-P2004.json;04-artifacts/evidence/prompts/M6-P2005.json;04-artifacts/evidence/prompts/M6-P2006.json;04-artifacts/evidence/prompts/M6-P2007.json;04-artifacts/evidence/prompts/M6-P2008.json,04-artifacts/evidence/prompts/M6-P2009.json;04-artifacts/evidence/judge/M6-P2009_JUDGE_FINAL_SIGN_OFF.json,TODO,,2026-09-07T22:39:39,0
M6-P3000,186,ANALYST_ARCHITECT,m6-analyst-architect,PR_PILOT,PR_PILOT,E2E_CHAIN_REVIEW,00-spec/prompts/0186_M6-P3000_E2E_CHAIN_REVIEW.xml.md,true,false,EVIDENCE_GATE,M6-P2009,04-artifacts/evidence/prompts/M6-P3000.json,,00-spec/CLAUDE_CONTEXT_BRIEF.md;00-spec/registers/DECISION_REGISTER.md,04-artifacts/evidence/prompts/M6-P3000.json;04-artifacts/analysis/pilot/E2E_CHAIN_REVIEW.md,TODO,,2026-09-07T22:39:39,0
M6-P3001,187,TESTER,m6-tester,PR_PILOT,PR_PILOT,E2E_SMOKE_VALIDATION,00-spec/prompts/0187_M6-P3001_E2E_SMOKE_VALIDATION.xml.md,true,false,EVIDENCE_GATE,M6-P3000,04-artifacts/evidence/prompts/M6-P3001.json,,00-spec/CLAUDE_CONTEXT_BRIEF.md;00-spec/registers/DECISION_REGISTER.md,04-artifacts/evidence/prompts/M6-P3001.json,TODO,,2026-09-07T22:39:39,0
M6-P3002,188,BOUNDARY_ADVERSARY,m6-boundary-adversary,PR_PILOT,PR_PILOT,BOUNDARY_FULL_PASS,00-spec/prompts/0188_M6-P3002_BOUNDARY_FULL_PASS.xml.md,true,false,EVIDENCE_GATE,M6-P3001,04-artifacts/evidence/prompts/M6-P3002.json,,00-spec/CLAUDE_CONTEXT_BRIEF.md;00-spec/registers/DECISION_REGISTER.md,04-artifacts/evidence/prompts/M6-P3002.json,TODO,,2026-09-07T22:39:39,0
M6-P3003,189,SECURITY_PII,m6-security-pii,PR_PILOT,PR_PILOT,SECURITY_FULL_PASS,00-spec/prompts/0189_M6-P3003_SECURITY_FULL_PASS.xml.md,true,false,EVIDENCE_GATE,M6-P3002,04-artifacts/evidence/prompts/M6-P3003.json,,00-spec/CLAUDE_CONTEXT_BRIEF.md;00-spec/registers/DECISION_REGISTER.md,04-artifacts/evidence/prompts/M6-P3003.json,TODO,,2026-09-07T22:39:39,0
M6-P3004,190,ANALYST_ARCHITECT,m6-analyst-architect,PR_PILOT,PR_PILOT,OWNER_SIGNOFF_PACKET,00-spec/prompts/0190_M6-P3004_OWNER_SIGNOFF_PACKET.xml.md,true,false,EVIDENCE_GATE,M6-P3003,04-artifacts/evidence/prompts/M6-P3004.json,,00-spec/CLAUDE_CONTEXT_BRIEF.md;00-spec/registers/DECISION_REGISTER.md,04-artifacts/evidence/prompts/M6-P3004.json;04-artifacts/analysis/pilot/OWNER_SIGNOFF_PACKET.md,TODO,,2026-09-07T22:39:39,0
M6-P3005,191,ANALYST_ARCHITECT,m6-analyst-architect,PR_PILOT,PR_PILOT,PILOT_READINESS_REVIEW,00-spec/prompts/0191_M6-P3005_PILOT_READINESS_REVIEW.xml.md,true,false,EVIDENCE_GATE,M6-P3004,04-artifacts/evidence/prompts/M6-P3005.json,,00-spec/CLAUDE_CONTEXT_BRIEF.md;00-spec/registers/DECISION_REGISTER.md,04-artifacts/evidence/prompts/M6-P3005.json;04-artifacts/analysis/pilot/PILOT_READINESS_REVIEW.md,TODO,,2026-09-07T22:39:39,0
M6-P3006,192,PM_ORCHESTRATOR,m6-pm-orchestrator,PR_PILOT,PR_PILOT,PRODUCTION_FLAG_STILL_OFF_VERIFY,00-spec/prompts/0192_M6-P3006_PRODUCTION_FLAG_STILL_OFF_VERIFY.xml.md,true,false,EVIDENCE_GATE,M6-P3005,04-artifacts/evidence/prompts/M6-P3006.json,,00-spec/CLAUDE_CONTEXT_BRIEF.md;00-spec/registers/DECISION_REGISTER.md,04-artifacts/evidence/prompts/M6-P3006.json,TODO,,2026-09-07T22:39:39,0
M6-P3007,193,ANALYST_ARCHITECT,m6-analyst-architect,PR_PILOT,PR_PILOT,ROLLBACK_READINESS,00-spec/prompts/0193_M6-P3007_ROLLBACK_READINESS.xml.md,true,false,EVIDENCE_GATE,M6-P3006,04-artifacts/evidence/prompts/M6-P3007.json,,00-spec/CLAUDE_CONTEXT_BRIEF.md;00-spec/registers/DECISION_REGISTER.md,04-artifacts/evidence/prompts/M6-P3007.json;04-artifacts/analysis/pilot/ROLLBACK_READINESS.md,TODO,,2026-09-07T22:39:39,0
M6-P3008,194,PM_ORCHESTRATOR,m6-pm-orchestrator,PR_PILOT,PR_PILOT,OPEN_ITEMS_REGISTER,00-spec/prompts/0194_M6-P3008_OPEN_ITEMS_REGISTER.xml.md,true,false,EVIDENCE_GATE,M6-P3007,04-artifacts/evidence/prompts/M6-P3008.json,,00-spec/CLAUDE_CONTEXT_BRIEF.md;00-spec/registers/DECISION_REGISTER.md,04-artifacts/evidence/prompts/M6-P3008.json,TODO,,2026-09-07T22:39:39,0
M6-P3009,195,PM_ORCHESTRATOR,m6-pm-orchestrator,PR_PILOT,PR_PILOT,PILOT_EVIDENCE_COLLECT,00-spec/prompts/0195_M6-P3009_PILOT_EVIDENCE_COLLECT.xml.md,true,false,EVIDENCE_GATE,M6-P3008,04-artifacts/evidence/prompts/M6-P3009.json,,00-spec/CLAUDE_CONTEXT_BRIEF.md;00-spec/registers/DECISION_REGISTER.md,04-artifacts/evidence/prompts/M6-P3009.json,TODO,,2026-09-07T22:39:39,0
M6-P3010,196,ANALYST_ARCHITECT,m6-analyst-architect,PR_PILOT,PR_PILOT,POST_PILOT_SCALE_GATE_FRAME,00-spec/prompts/0196_M6-P3010_POST_PILOT_SCALE_GATE_FRAME.xml.md,true,false,EVIDENCE_GATE,M6-P3009,04-artifacts/evidence/prompts/M6-P3010.json,,00-spec/CLAUDE_CONTEXT_BRIEF.md;00-spec/registers/DECISION_REGISTER.md,04-artifacts/evidence/prompts/M6-P3010.json;04-artifacts/analysis/pilot/POST_PILOT_SCALE_GATE_FRAME.md,TODO,,2026-09-07T22:39:39,0
M6-P3011,197,JUDGE,m6-judge,PR_PILOT,PR_PILOT,FINAL_REVIEW_JUDGE,00-spec/prompts/0197_M6-P3011_FINAL_REVIEW_JUDGE.xml.md,true,true,JUDGE_GATE,M6-P3000;M6-P3001;M6-P3002;M6-P3003;M6-P3004;M6-P3005;M6-P3006;M6-P3007;M6-P3008;M6-P3009;M6-P3010,04-artifacts/evidence/prompts/M6-P3011.json,04-artifacts/evidence/judge/M6-P3011_JUDGE_FINAL_SIGN_OFF.json,00-spec/CLAUDE_CONTEXT_BRIEF.md;04-artifacts/evidence/prompts/M6-P3000.json;04-artifacts/evidence/prompts/M6-P3001.json;04-artifacts/evidence/prompts/M6-P3002.json;04-artifacts/evidence/prompts/M6-P3003.json;04-artifacts/evidence/prompts/M6-P3004.json;04-artifacts/evidence/prompts/M6-P3005.json;04-artifacts/evidence/prompts/M6-P3006.json;04-artifacts/evidence/prompts/M6-P3007.json;04-artifacts/evidence/prompts/M6-P3008.json;04-artifacts/evidence/prompts/M6-P3009.json;04-artifacts/evidence/prompts/M6-P3010.json,04-artifacts/evidence/prompts/M6-P3011.json;04-artifacts/evidence/judge/M6-P3011_JUDGE_FINAL_SIGN_OFF.json,TODO,,2026-09-07T22:39:39,0
M6-P2100,198,JUDGE,m6-judge,SLICE_M6.2L,M6.2L,M6_2L_ENTRY_GATE_JUDGE,00-spec/prompts/0198_M6-P2100_M6_2L_ENTRY_GATE_JUDGE.xml.md,true,true,JUDGE_GATE,M6-P3011,04-artifacts/evidence/prompts/M6-P2100.json,04-artifacts/evidence/judge/M6-P2100_JUDGE_FINAL_SIGN_OFF.json,00-spec/CLAUDE_CONTEXT_BRIEF.md;04-artifacts/state/IMPLEMENTATION_TARGET_LOCKED.json;00-spec/slices/M6.2L.md;00-spec/registers/CONTRACT_REGISTER.md;00-spec/registers/ENTRY_EVIDENCE_REGISTER.md;04-artifacts/evidence/prompts/M6-P3011.json,04-artifacts/evidence/prompts/M6-P2100.json;04-artifacts/evidence/judge/M6-P2100_JUDGE_FINAL_SIGN_OFF.json,TODO,,2026-09-07T22:39:39,0
M6-P2101,199,CODER,m6-coder,SLICE_M6.2L,M6.2L,M6_2L_CODER_PLAN,00-spec/prompts/0199_M6-P2101_M6_2L_CODER_PLAN.xml.md,true,false,EVIDENCE_GATE,M6-P2100,04-artifacts/evidence/prompts/M6-P2101.json,,00-spec/CLAUDE_CONTEXT_BRIEF.md;04-artifacts/state/IMPLEMENTATION_TARGET_LOCKED.json;00-spec/slices/M6.2L.md;04-artifacts/analysis/design/ARCH_BASELINE.md;04-artifacts/evidence/prompts/M6-P2100.json,04-artifacts/evidence/prompts/M6-P2101.json;04-artifacts/impl/M6.2L/PLAN.md,TODO,,2026-09-07T22:39:39,0
M6-P2102,200,CODER,m6-coder,SLICE_M6.2L,M6.2L,M6_2L_CODER_IMPLEMENT,00-spec/prompts/0200_M6-P2102_M6_2L_CODER_IMPLEMENT.xml.md,true,false,EVIDENCE_GATE,M6-P2101,04-artifacts/evidence/prompts/M6-P2102.json,,00-spec/CLAUDE_CONTEXT_BRIEF.md;04-artifacts/state/IMPLEMENTATION_TARGET_LOCKED.json;00-spec/slices/M6.2L.md;04-artifacts/impl/M6.2L/PLAN.md;04-artifacts/evidence/prompts/M6-P2101.json,04-artifacts/evidence/prompts/M6-P2102.json;04-artifacts/impl/M6.2L/IMPLEMENTATION_NOTES.md,TODO,,2026-09-07T22:39:39,0
M6-P2103,201,TESTER,m6-tester,SLICE_M6.2L,M6.2L,M6_2L_TESTER_BUILD,00-spec/prompts/0201_M6-P2103_M6_2L_TESTER_BUILD.xml.md,true,false,EVIDENCE_GATE,M6-P2102,04-artifacts/evidence/prompts/M6-P2103.json,,00-spec/CLAUDE_CONTEXT_BRIEF.md;04-artifacts/state/IMPLEMENTATION_TARGET_LOCKED.json;00-spec/slices/M6.2L.md;00-spec/registers/SMOKE_REGISTER.md;04-artifacts/evidence/prompts/M6-P2102.json,04-artifacts/evidence/prompts/M6-P2103.json;04-artifacts/impl/M6.2L/tests/TEST_MANIFEST.md,TODO,,2026-09-07T22:39:39,0
M6-P2104,202,TESTER,m6-tester,SLICE_M6.2L,M6.2L,M6_2L_TESTER_RUN,00-spec/prompts/0202_M6-P2104_M6_2L_TESTER_RUN.xml.md,true,false,EVIDENCE_GATE,M6-P2103,04-artifacts/evidence/prompts/M6-P2104.json,,00-spec/CLAUDE_CONTEXT_BRIEF.md;04-artifacts/state/IMPLEMENTATION_TARGET_LOCKED.json;04-artifacts/impl/M6.2L/tests/TEST_MANIFEST.md;04-artifacts/evidence/prompts/M6-P2103.json,04-artifacts/evidence/prompts/M6-P2104.json;04-artifacts/test-reports/M6.2L/SMOKE_RESULTS.md,TODO,,2026-09-07T22:39:39,0
M6-P2105,203,BOUNDARY_ADVERSARY,m6-boundary-adversary,SLICE_M6.2L,M6.2L,M6_2L_BOUNDARY_ADVERSARY,00-spec/prompts/0203_M6-P2105_M6_2L_BOUNDARY_ADVERSARY.xml.md,true,false,EVIDENCE_GATE,M6-P2104,04-artifacts/evidence/prompts/M6-P2105.json,,00-spec/CLAUDE_CONTEXT_BRIEF.md;00-spec/slices/M6.2L.md;04-artifacts/test-reports/M6.2L/SMOKE_RESULTS.md;04-artifacts/evidence/prompts/M6-P2104.json,04-artifacts/evidence/prompts/M6-P2105.json;04-artifacts/boundary-reports/M6.2L_boundary.md,TODO,,2026-09-07T22:39:39,0
M6-P2106,204,SECURITY_PII,m6-security-pii,SLICE_M6.2L,M6.2L,M6_2L_SECURITY_REVIEW,00-spec/prompts/0204_M6-P2106_M6_2L_SECURITY_REVIEW.xml.md,true,false,EVIDENCE_GATE,M6-P2105,04-artifacts/evidence/prompts/M6-P2106.json,,00-spec/CLAUDE_CONTEXT_BRIEF.md;00-spec/slices/M6.2L.md;04-artifacts/boundary-reports/M6.2L_boundary.md;04-artifacts/evidence/prompts/M6-P2105.json,04-artifacts/evidence/prompts/M6-P2106.json;04-artifacts/security-reports/M6.2L_security.md,TODO,,2026-09-07T22:39:39,0
M6-P2107,205,PM_ORCHESTRATOR,m6-pm-orchestrator,SLICE_M6.2L,M6.2L,M6_2L_EVIDENCE_COLLECT,00-spec/prompts/0205_M6-P2107_M6_2L_EVIDENCE_COLLECT.xml.md,true,false,EVIDENCE_GATE,M6-P2106,04-artifacts/evidence/prompts/M6-P2107.json,,00-spec/CLAUDE_CONTEXT_BRIEF.md;00-spec/slices/M6.2L.md;04-artifacts/evidence/prompts/M6-P2100.json;04-artifacts/evidence/prompts/M6-P2101.json;04-artifacts/evidence/prompts/M6-P2102.json;04-artifacts/evidence/prompts/M6-P2103.json;04-artifacts/evidence/prompts/M6-P2104.json;04-artifacts/evidence/prompts/M6-P2105.json;04-artifacts/evidence/prompts/M6-P2106.json,04-artifacts/evidence/prompts/M6-P2107.json;04-artifacts/evidence/prompts/M6_2L_EVIDENCE_INDEX.md,TODO,,2026-09-07T22:39:39,0
M6-P2108,206,ANALYST_ARCHITECT,m6-analyst-architect,SLICE_M6.2L,M6.2L,M6_2L_DOCS,00-spec/prompts/0206_M6-P2108_M6_2L_DOCS.xml.md,true,false,EVIDENCE_GATE,M6-P2107,04-artifacts/evidence/prompts/M6-P2108.json,,00-spec/CLAUDE_CONTEXT_BRIEF.md;00-spec/slices/M6.2L.md;04-artifacts/evidence/prompts/M6-P2107.json,04-artifacts/evidence/prompts/M6-P2108.json;04-artifacts/analysis/slices/M6_2L_RUNBOOK.md,TODO,,2026-09-07T22:39:39,0
M6-P2109,207,JUDGE,m6-judge,SLICE_M6.2L,M6.2L,M6_2L_SLICE_GATE_JUDGE,00-spec/prompts/0207_M6-P2109_M6_2L_SLICE_GATE_JUDGE.xml.md,true,true,JUDGE_GATE,M6-P2108,04-artifacts/evidence/prompts/M6-P2109.json,04-artifacts/evidence/judge/M6-P2109_JUDGE_FINAL_SIGN_OFF.json,00-spec/CLAUDE_CONTEXT_BRIEF.md;00-spec/slices/M6.2L.md;04-artifacts/evidence/prompts/M6-P2100.json;04-artifacts/evidence/prompts/M6-P2101.json;04-artifacts/evidence/prompts/M6-P2102.json;04-artifacts/evidence/prompts/M6-P2103.json;04-artifacts/evidence/prompts/M6-P2104.json;04-artifacts/evidence/prompts/M6-P2105.json;04-artifacts/evidence/prompts/M6-P2106.json;04-artifacts/evidence/prompts/M6-P2107.json;04-artifacts/evidence/prompts/M6-P2108.json,04-artifacts/evidence/prompts/M6-P2109.json;04-artifacts/evidence/judge/M6-P2109_JUDGE_FINAL_SIGN_OFF.json,TODO,,2026-09-07T22:39:39,0
M6-P2200,208,JUDGE,m6-judge,SLICE_M6.2M,M6.2M,M6_2M_ENTRY_GATE_JUDGE,00-spec/prompts/0208_M6-P2200_M6_2M_ENTRY_GATE_JUDGE.xml.md,true,true,JUDGE_GATE,M6-P2109,04-artifacts/evidence/prompts/M6-P2200.json,04-artifacts/evidence/judge/M6-P2200_JUDGE_FINAL_SIGN_OFF.json,00-spec/CLAUDE_CONTEXT_BRIEF.md;04-artifacts/state/IMPLEMENTATION_TARGET_LOCKED.json;00-spec/slices/M6.2M.md;00-spec/registers/CONTRACT_REGISTER.md;00-spec/registers/ENTRY_EVIDENCE_REGISTER.md;04-artifacts/evidence/prompts/M6-P2109.json,04-artifacts/evidence/prompts/M6-P2200.json;04-artifacts/evidence/judge/M6-P2200_JUDGE_FINAL_SIGN_OFF.json,TODO,,2026-09-07T22:39:39,0
M6-P2201,209,CODER,m6-coder,SLICE_M6.2M,M6.2M,M6_2M_CODER_PLAN,00-spec/prompts/0209_M6-P2201_M6_2M_CODER_PLAN.xml.md,true,false,EVIDENCE_GATE,M6-P2200,04-artifacts/evidence/prompts/M6-P2201.json,,00-spec/CLAUDE_CONTEXT_BRIEF.md;04-artifacts/state/IMPLEMENTATION_TARGET_LOCKED.json;00-spec/slices/M6.2M.md;04-artifacts/analysis/design/ARCH_BASELINE.md;04-artifacts/evidence/prompts/M6-P2200.json,04-artifacts/evidence/prompts/M6-P2201.json;04-artifacts/impl/M6.2M/PLAN.md,TODO,,2026-09-07T22:39:39,0
M6-P2202,210,CODER,m6-coder,SLICE_M6.2M,M6.2M,M6_2M_CODER_IMPLEMENT,00-spec/prompts/0210_M6-P2202_M6_2M_CODER_IMPLEMENT.xml.md,true,false,EVIDENCE_GATE,M6-P2201,04-artifacts/evidence/prompts/M6-P2202.json,,00-spec/CLAUDE_CONTEXT_BRIEF.md;04-artifacts/state/IMPLEMENTATION_TARGET_LOCKED.json;00-spec/slices/M6.2M.md;04-artifacts/impl/M6.2M/PLAN.md;04-artifacts/evidence/prompts/M6-P2201.json,04-artifacts/evidence/prompts/M6-P2202.json;04-artifacts/impl/M6.2M/IMPLEMENTATION_NOTES.md,TODO,,2026-09-07T22:39:39,0
M6-P2203,211,TESTER,m6-tester,SLICE_M6.2M,M6.2M,M6_2M_TESTER_BUILD,00-spec/prompts/0211_M6-P2203_M6_2M_TESTER_BUILD.xml.md,true,false,EVIDENCE_GATE,M6-P2202,04-artifacts/evidence/prompts/M6-P2203.json,,00-spec/CLAUDE_CONTEXT_BRIEF.md;04-artifacts/state/IMPLEMENTATION_TARGET_LOCKED.json;00-spec/slices/M6.2M.md;00-spec/registers/SMOKE_REGISTER.md;04-artifacts/evidence/prompts/M6-P2202.json,04-artifacts/evidence/prompts/M6-P2203.json;04-artifacts/impl/M6.2M/tests/TEST_MANIFEST.md,TODO,,2026-09-07T22:39:39,0
M6-P2204,212,TESTER,m6-tester,SLICE_M6.2M,M6.2M,M6_2M_TESTER_RUN,00-spec/prompts/0212_M6-P2204_M6_2M_TESTER_RUN.xml.md,true,false,EVIDENCE_GATE,M6-P2203,04-artifacts/evidence/prompts/M6-P2204.json,,00-spec/CLAUDE_CONTEXT_BRIEF.md;04-artifacts/state/IMPLEMENTATION_TARGET_LOCKED.json;04-artifacts/impl/M6.2M/tests/TEST_MANIFEST.md;04-artifacts/evidence/prompts/M6-P2203.json,04-artifacts/evidence/prompts/M6-P2204.json;04-artifacts/test-reports/M6.2M/SMOKE_RESULTS.md,TODO,,2026-09-07T22:39:39,0
M6-P2205,213,BOUNDARY_ADVERSARY,m6-boundary-adversary,SLICE_M6.2M,M6.2M,M6_2M_BOUNDARY_ADVERSARY,00-spec/prompts/0213_M6-P2205_M6_2M_BOUNDARY_ADVERSARY.xml.md,true,false,EVIDENCE_GATE,M6-P2204,04-artifacts/evidence/prompts/M6-P2205.json,,00-spec/CLAUDE_CONTEXT_BRIEF.md;00-spec/slices/M6.2M.md;04-artifacts/test-reports/M6.2M/SMOKE_RESULTS.md;04-artifacts/evidence/prompts/M6-P2204.json,04-artifacts/evidence/prompts/M6-P2205.json;04-artifacts/boundary-reports/M6.2M_boundary.md,TODO,,2026-09-07T22:39:39,0
M6-P2206,214,SECURITY_PII,m6-security-pii,SLICE_M6.2M,M6.2M,M6_2M_SECURITY_REVIEW,00-spec/prompts/0214_M6-P2206_M6_2M_SECURITY_REVIEW.xml.md,true,false,EVIDENCE_GATE,M6-P2205,04-artifacts/evidence/prompts/M6-P2206.json,,00-spec/CLAUDE_CONTEXT_BRIEF.md;00-spec/slices/M6.2M.md;04-artifacts/boundary-reports/M6.2M_boundary.md;04-artifacts/evidence/prompts/M6-P2205.json,04-artifacts/evidence/prompts/M6-P2206.json;04-artifacts/security-reports/M6.2M_security.md,TODO,,2026-09-07T22:39:39,0
M6-P2207,215,PM_ORCHESTRATOR,m6-pm-orchestrator,SLICE_M6.2M,M6.2M,M6_2M_EVIDENCE_COLLECT,00-spec/prompts/0215_M6-P2207_M6_2M_EVIDENCE_COLLECT.xml.md,true,false,EVIDENCE_GATE,M6-P2206,04-artifacts/evidence/prompts/M6-P2207.json,,00-spec/CLAUDE_CONTEXT_BRIEF.md;00-spec/slices/M6.2M.md;04-artifacts/evidence/prompts/M6-P2200.json;04-artifacts/evidence/prompts/M6-P2201.json;04-artifacts/evidence/prompts/M6-P2202.json;04-artifacts/evidence/prompts/M6-P2203.json;04-artifacts/evidence/prompts/M6-P2204.json;04-artifacts/evidence/prompts/M6-P2205.json;04-artifacts/evidence/prompts/M6-P2206.json,04-artifacts/evidence/prompts/M6-P2207.json;04-artifacts/evidence/prompts/M6_2M_EVIDENCE_INDEX.md,TODO,,2026-09-07T22:39:39,0
M6-P2208,216,ANALYST_ARCHITECT,m6-analyst-architect,SLICE_M6.2M,M6.2M,M6_2M_DOCS,00-spec/prompts/0216_M6-P2208_M6_2M_DOCS.xml.md,true,false,EVIDENCE_GATE,M6-P2207,04-artifacts/evidence/prompts/M6-P2208.json,,00-spec/CLAUDE_CONTEXT_BRIEF.md;00-spec/slices/M6.2M.md;04-artifacts/evidence/prompts/M6-P2207.json,04-artifacts/evidence/prompts/M6-P2208.json;04-artifacts/analysis/slices/M6_2M_RUNBOOK.md,TODO,,2026-09-07T22:39:39,0
M6-P2209,217,JUDGE,m6-judge,SLICE_M6.2M,M6.2M,M6_2M_SLICE_GATE_JUDGE,00-spec/prompts/0217_M6-P2209_M6_2M_SLICE_GATE_JUDGE.xml.md,true,true,JUDGE_GATE,M6-P2208,04-artifacts/evidence/prompts/M6-P2209.json,04-artifacts/evidence/judge/M6-P2209_JUDGE_FINAL_SIGN_OFF.json,00-spec/CLAUDE_CONTEXT_BRIEF.md;00-spec/slices/M6.2M.md;04-artifacts/evidence/prompts/M6-P2200.json;04-artifacts/evidence/prompts/M6-P2201.json;04-artifacts/evidence/prompts/M6-P2202.json;04-artifacts/evidence/prompts/M6-P2203.json;04-artifacts/evidence/prompts/M6-P2204.json;04-artifacts/evidence/prompts/M6-P2205.json;04-artifacts/evidence/prompts/M6-P2206.json;04-artifacts/evidence/prompts/M6-P2207.json;04-artifacts/evidence/prompts/M6-P2208.json,04-artifacts/evidence/prompts/M6-P2209.json;04-artifacts/evidence/judge/M6-P2209_JUDGE_FINAL_SIGN_OFF.json,TODO,,2026-09-07T22:39:39,0
M6-P2300,218,JUDGE,m6-judge,SLICE_M6.2O,M6.2O,M6_2O_ENTRY_GATE_JUDGE,00-spec/prompts/0218_M6-P2300_M6_2O_ENTRY_GATE_JUDGE.xml.md,true,true,JUDGE_GATE,M6-P2209,04-artifacts/evidence/prompts/M6-P2300.json,04-artifacts/evidence/judge/M6-P2300_JUDGE_FINAL_SIGN_OFF.json,00-spec/CLAUDE_CONTEXT_BRIEF.md;04-artifacts/state/IMPLEMENTATION_TARGET_LOCKED.json;00-spec/slices/M6.2O.md;00-spec/registers/CONTRACT_REGISTER.md;00-spec/registers/ENTRY_EVIDENCE_REGISTER.md;04-artifacts/evidence/prompts/M6-P2209.json,04-artifacts/evidence/prompts/M6-P2300.json;04-artifacts/evidence/judge/M6-P2300_JUDGE_FINAL_SIGN_OFF.json,TODO,,2026-09-07T22:39:39,0
M6-P2301,219,CODER,m6-coder,SLICE_M6.2O,M6.2O,M6_2O_CODER_PLAN,00-spec/prompts/0219_M6-P2301_M6_2O_CODER_PLAN.xml.md,true,false,EVIDENCE_GATE,M6-P2300,04-artifacts/evidence/prompts/M6-P2301.json,,00-spec/CLAUDE_CONTEXT_BRIEF.md;04-artifacts/state/IMPLEMENTATION_TARGET_LOCKED.json;00-spec/slices/M6.2O.md;04-artifacts/analysis/design/ARCH_BASELINE.md;04-artifacts/evidence/prompts/M6-P2300.json,04-artifacts/evidence/prompts/M6-P2301.json;04-artifacts/impl/M6.2O/PLAN.md,TODO,,2026-09-07T22:39:39,0
M6-P2302,220,CODER,m6-coder,SLICE_M6.2O,M6.2O,M6_2O_CODER_IMPLEMENT,00-spec/prompts/0220_M6-P2302_M6_2O_CODER_IMPLEMENT.xml.md,true,false,EVIDENCE_GATE,M6-P2301,04-artifacts/evidence/prompts/M6-P2302.json,,00-spec/CLAUDE_CONTEXT_BRIEF.md;04-artifacts/state/IMPLEMENTATION_TARGET_LOCKED.json;00-spec/slices/M6.2O.md;04-artifacts/impl/M6.2O/PLAN.md;04-artifacts/evidence/prompts/M6-P2301.json,04-artifacts/evidence/prompts/M6-P2302.json;04-artifacts/impl/M6.2O/IMPLEMENTATION_NOTES.md,TODO,,2026-09-07T22:39:39,0
M6-P2303,221,TESTER,m6-tester,SLICE_M6.2O,M6.2O,M6_2O_TESTER_BUILD,00-spec/prompts/0221_M6-P2303_M6_2O_TESTER_BUILD.xml.md,true,false,EVIDENCE_GATE,M6-P2302,04-artifacts/evidence/prompts/M6-P2303.json,,00-spec/CLAUDE_CONTEXT_BRIEF.md;04-artifacts/state/IMPLEMENTATION_TARGET_LOCKED.json;00-spec/slices/M6.2O.md;00-spec/registers/SMOKE_REGISTER.md;04-artifacts/evidence/prompts/M6-P2302.json,04-artifacts/evidence/prompts/M6-P2303.json;04-artifacts/impl/M6.2O/tests/TEST_MANIFEST.md,TODO,,2026-09-07T22:39:39,0
M6-P2304,222,TESTER,m6-tester,SLICE_M6.2O,M6.2O,M6_2O_TESTER_RUN,00-spec/prompts/0222_M6-P2304_M6_2O_TESTER_RUN.xml.md,true,false,EVIDENCE_GATE,M6-P2303,04-artifacts/evidence/prompts/M6-P2304.json,,00-spec/CLAUDE_CONTEXT_BRIEF.md;04-artifacts/state/IMPLEMENTATION_TARGET_LOCKED.json;04-artifacts/impl/M6.2O/tests/TEST_MANIFEST.md;04-artifacts/evidence/prompts/M6-P2303.json,04-artifacts/evidence/prompts/M6-P2304.json;04-artifacts/test-reports/M6.2O/SMOKE_RESULTS.md,TODO,,2026-09-07T22:39:39,0
M6-P2305,223,BOUNDARY_ADVERSARY,m6-boundary-adversary,SLICE_M6.2O,M6.2O,M6_2O_BOUNDARY_ADVERSARY,00-spec/prompts/0223_M6-P2305_M6_2O_BOUNDARY_ADVERSARY.xml.md,true,false,EVIDENCE_GATE,M6-P2304,04-artifacts/evidence/prompts/M6-P2305.json,,00-spec/CLAUDE_CONTEXT_BRIEF.md;00-spec/slices/M6.2O.md;04-artifacts/test-reports/M6.2O/SMOKE_RESULTS.md;04-artifacts/evidence/prompts/M6-P2304.json,04-artifacts/evidence/prompts/M6-P2305.json;04-artifacts/boundary-reports/M6.2O_boundary.md,TODO,,2026-09-07T22:39:39,0
M6-P2306,224,SECURITY_PII,m6-security-pii,SLICE_M6.2O,M6.2O,M6_2O_SECURITY_REVIEW,00-spec/prompts/0224_M6-P2306_M6_2O_SECURITY_REVIEW.xml.md,true,false,EVIDENCE_GATE,M6-P2305,04-artifacts/evidence/prompts/M6-P2306.json,,00-spec/CLAUDE_CONTEXT_BRIEF.md;00-spec/slices/M6.2O.md;04-artifacts/boundary-reports/M6.2O_boundary.md;04-artifacts/evidence/prompts/M6-P2305.json,04-artifacts/evidence/prompts/M6-P2306.json;04-artifacts/security-reports/M6.2O_security.md,TODO,,2026-09-07T22:39:39,0
M6-P2307,225,PM_ORCHESTRATOR,m6-pm-orchestrator,SLICE_M6.2O,M6.2O,M6_2O_EVIDENCE_COLLECT,00-spec/prompts/0225_M6-P2307_M6_2O_EVIDENCE_COLLECT.xml.md,true,false,EVIDENCE_GATE,M6-P2306,04-artifacts/evidence/prompts/M6-P2307.json,,00-spec/CLAUDE_CONTEXT_BRIEF.md;00-spec/slices/M6.2O.md;04-artifacts/evidence/prompts/M6-P2300.json;04-artifacts/evidence/prompts/M6-P2301.json;04-artifacts/evidence/prompts/M6-P2302.json;04-artifacts/evidence/prompts/M6-P2303.json;04-artifacts/evidence/prompts/M6-P2304.json;04-artifacts/evidence/prompts/M6-P2305.json;04-artifacts/evidence/prompts/M6-P2306.json,04-artifacts/evidence/prompts/M6-P2307.json;04-artifacts/evidence/prompts/M6_2O_EVIDENCE_INDEX.md,TODO,,2026-09-07T22:39:39,0
M6-P2308,226,ANALYST_ARCHITECT,m6-analyst-architect,SLICE_M6.2O,M6.2O,M6_2O_DOCS,00-spec/prompts/0226_M6-P2308_M6_2O_DOCS.xml.md,true,false,EVIDENCE_GATE,M6-P2307,04-artifacts/evidence/prompts/M6-P2308.json,,00-spec/CLAUDE_CONTEXT_BRIEF.md;00-spec/slices/M6.2O.md;04-artifacts/evidence/prompts/M6-P2307.json,04-artifacts/evidence/prompts/M6-P2308.json;04-artifacts/analysis/slices/M6_2O_RUNBOOK.md,TODO,,2026-09-07T22:39:39,0
M6-P2309,227,JUDGE,m6-judge,SLICE_M6.2O,M6.2O,M6_2O_SLICE_GATE_JUDGE,00-spec/prompts/0227_M6-P2309_M6_2O_SLICE_GATE_JUDGE.xml.md,true,true,JUDGE_GATE,M6-P2308,04-artifacts/evidence/prompts/M6-P2309.json,04-artifacts/evidence/judge/M6-P2309_JUDGE_FINAL_SIGN_OFF.json,00-spec/CLAUDE_CONTEXT_BRIEF.md;00-spec/slices/M6.2O.md;04-artifacts/evidence/prompts/M6-P2300.json;04-artifacts/evidence/prompts/M6-P2301.json;04-artifacts/evidence/prompts/M6-P2302.json;04-artifacts/evidence/prompts/M6-P2303.json;04-artifacts/evidence/prompts/M6-P2304.json;04-artifacts/evidence/prompts/M6-P2305.json;04-artifacts/evidence/prompts/M6-P2306.json;04-artifacts/evidence/prompts/M6-P2307.json;04-artifacts/evidence/prompts/M6-P2308.json,04-artifacts/evidence/prompts/M6-P2309.json;04-artifacts/evidence/judge/M6-P2309_JUDGE_FINAL_SIGN_OFF.json,TODO,,2026-09-07T22:39:39,0
